timestamp,level,message
11:41:39,INFO,User logged in
11:41:40,INFO,User logged in
11:41:41,WARNING,CPU usage high
11:41:42,ERROR,Connection timeout
11:41:43,INFO,User logged in
11:41:44,ERROR,Disk full
11:41:45,ERROR,Connection timeout
11:41:46,ERROR,Disk full
11:41:47,ERROR,Connection timeout
11:41:48,WARNING,CPU usage high
11:41:49,INFO,User logged in
11:41:50,ERROR,Disk full
11:41:51,ERROR,Connection timeout
11:41:52,ERROR,Disk full
11:41:53,INFO,User logged in
11:41:54,INFO,Request processed
11:41:55,WARNING,CPU usage high
11:41:56,WARNING,CPU usage high
11:41:57,ERROR,Disk full
11:41:58,INFO,Request processed
11:41:59,INFO,User logged in
11:42:00,INFO,Request processed
11:42:01,INFO,User logged in
11:42:02,ERROR,Disk full
11:42:03,INFO,Request processed
11:42:04,ERROR,Connection timeout
11:42:05,WARNING,CPU usage high
11:42:06,INFO,User logged in
11:42:07,INFO,User logged in
11:42:08,INFO,Request processed
11:42:09,INFO,User logged in
11:42:10,INFO,User logged in
11:42:11,ERROR,Connection timeout
11:42:12,INFO,User logged in
11:42:13,WARNING,CPU usage high
11:42:14,INFO,Request processed
11:42:15,ERROR,Connection timeout
11:42:16,INFO,User logged in
11:42:17,INFO,User logged in
11:42:18,ERROR,Disk full
11:42:19,INFO,Request processed
11:42:20,INFO,Request processed
11:42:21,INFO,Request processed
11:42:22,WARNING,CPU usage high
11:42:23,INFO,Request processed
11:42:24,WARNING,CPU usage high
11:42:25,INFO,User logged in
11:42:26,INFO,User logged in
11:42:27,ERROR,Disk full
11:42:28,WARNING,CPU usage high
11:42:29,ERROR,Connection timeout
11:42:30,WARNING,CPU usage high
11:42:31,INFO,Request processed
11:42:32,ERROR,Connection timeout
11:42:33,WARNING,CPU usage high
11:42:34,INFO,Request processed
11:42:35,WARNING,CPU usage high
11:42:36,ERROR,Disk full
11:42:37,INFO,User logged in
11:42:38,INFO,Request processed
11:42:39,WARNING,CPU usage high
11:42:40,INFO,User logged in
11:42:41,INFO,User logged in
11:42:42,WARNING,CPU usage high
11:42:43,ERROR,Disk full
11:42:44,INFO,User logged in
11:42:45,INFO,User logged in
11:42:46,INFO,User logged in
11:42:47,WARNING,CPU usage high
11:42:48,WARNING,CPU usage high
11:42:49,ERROR,Disk full
11:42:50,WARNING,CPU usage high
11:42:51,ERROR,Disk full
11:42:52,ERROR,Connection timeout
11:42:53,INFO,User logged in
11:42:54,WARNING,CPU usage high
11:42:55,ERROR,Disk full
11:42:56,INFO,User logged in
11:42:57,ERROR,Connection timeout
11:42:58,WARNING,CPU usage high
11:42:59,INFO,User logged in
11:43:00,ERROR,Connection timeout
11:43:01,INFO,Request processed
11:43:02,INFO,Request processed
11:43:03,ERROR,Connection timeout
11:43:04,INFO,User logged in
11:43:05,INFO,Request processed
11:43:06,ERROR,Disk full
11:43:07,ERROR,Connection timeout
11:43:08,ERROR,Connection timeout
11:43:09,INFO,Request processed
11:43:10,INFO,Request processed
11:43:11,INFO,User logged in
11:43:12,WARNING,CPU usage high
11:43:13,WARNING,CPU usage high
11:43:14,ERROR,Connection timeout
11:43:15,WARNING,CPU usage high
11:43:16,INFO,User logged in
11:43:17,INFO,Request processed
11:43:18,WARNING,CPU usage high
11:43:19,ERROR,Connection timeout
11:43:20,WARNING,CPU usage high
11:43:21,ERROR,Disk full
11:43:22,WARNING,CPU usage high
11:43:23,INFO,Request processed
11:43:24,INFO,User logged in
11:43:25,ERROR,Connection timeout
11:43:26,ERROR,Disk full
11:43:27,WARNING,CPU usage high
11:43:28,INFO,User logged in
11:43:29,INFO,Request processed
11:43:30,ERROR,Disk full
11:43:31,INFO,User logged in
11:43:32,INFO,Request processed
11:43:33,INFO,Request processed
11:43:34,WARNING,CPU usage high
11:43:35,WARNING,CPU usage high
11:43:36,INFO,User logged in
11:43:37,ERROR,Connection timeout
11:43:38,WARNING,CPU usage high
11:43:39,INFO,Request processed
11:43:40,WARNING,CPU usage high
11:43:41,ERROR,Disk full
11:43:42,ERROR,Disk full
11:43:43,ERROR,Connection timeout
11:43:44,INFO,Request processed
11:43:45,ERROR,Disk full
11:43:46,INFO,User logged in
11:43:47,WARNING,CPU usage high
11:43:48,ERROR,Disk full
11:43:49,ERROR,Connection timeout
11:43:50,INFO,User logged in
11:43:51,INFO,Request processed
11:43:52,ERROR,Disk full
11:43:53,ERROR,Connection timeout
11:43:54,INFO,User logged in
11:43:55,INFO,Request processed
11:43:56,ERROR,Connection timeout
11:43:57,INFO,User logged in
11:43:58,ERROR,Disk full
11:43:59,INFO,User logged in
11:44:00,INFO,Request processed
11:44:01,ERROR,Disk full
11:44:02,ERROR,Disk full
11:44:03,ERROR,Connection timeout
11:44:04,ERROR,Connection timeout
11:44:05,WARNING,CPU usage high
11:44:06,INFO,User logged in
11:44:07,ERROR,Connection timeout
11:44:08,WARNING,CPU usage high
11:44:09,INFO,User logged in
11:44:10,INFO,User logged in
11:44:11,INFO,User logged in
11:44:12,INFO,Request processed
11:44:13,ERROR,Disk full
11:44:14,INFO,Request processed
11:44:15,ERROR,Disk full
11:44:16,ERROR,Disk full
11:44:17,INFO,User logged in
11:44:18,ERROR,Disk full
11:44:19,ERROR,Connection timeout
11:44:20,ERROR,Disk full
11:44:21,WARNING,CPU usage high
11:44:22,ERROR,Disk full
11:44:23,ERROR,Disk full
11:44:24,ERROR,Connection timeout
11:44:25,INFO,Request processed
11:44:26,ERROR,Disk full
11:44:27,WARNING,CPU usage high
11:44:28,ERROR,Connection timeout
11:44:29,INFO,User logged in
11:44:30,INFO,Request processed
11:44:31,INFO,Request processed
11:44:32,ERROR,Connection timeout
11:44:33,INFO,User logged in
11:44:34,INFO,User logged in
11:44:35,ERROR,Connection timeout
11:44:36,INFO,User logged in
11:44:37,INFO,Request processed
11:44:38,ERROR,Connection timeout
11:44:39,ERROR,Connection timeout
11:44:40,INFO,Request processed
11:44:41,INFO,Request processed
11:44:42,ERROR,Disk full
11:44:43,ERROR,Connection timeout
11:44:44,ERROR,Disk full
11:44:45,INFO,User logged in
11:44:46,ERROR,Disk full
11:44:47,INFO,Request processed
11:44:48,ERROR,Connection timeout
11:44:49,INFO,Request processed
11:44:50,INFO,User logged in
11:44:51,ERROR,Disk full
11:44:52,INFO,Request processed
11:44:53,INFO,Request processed
11:44:54,INFO,User logged in
11:44:55,INFO,Request processed
11:44:56,ERROR,Disk full
11:44:57,INFO,User logged in
11:44:58,ERROR,Connection timeout
11:44:59,WARNING,CPU usage high
11:45:00,INFO,Request processed
11:45:01,INFO,User logged in
11:45:02,INFO,User logged in
11:45:03,INFO,Request processed
11:45:04,ERROR,Disk full
11:45:05,ERROR,Connection timeout
11:45:06,INFO,Request processed
11:45:07,ERROR,Connection timeout
11:45:08,INFO,Request processed
11:45:09,INFO,Request processed
11:45:10,ERROR,Disk full
11:45:11,INFO,Request processed
11:45:12,WARNING,CPU usage high
11:45:13,ERROR,Connection timeout
11:45:14,INFO,Request processed
11:45:15,ERROR,Connection timeout
11:45:16,ERROR,Connection timeout
11:45:17,INFO,Request processed
11:45:18,ERROR,Connection timeout
11:45:19,INFO,User logged in
11:45:20,INFO,Request processed
11:45:21,ERROR,Connection timeout
11:45:22,INFO,Request processed
11:45:23,INFO,User logged in
11:45:24,INFO,Request processed
11:45:25,ERROR,Disk full
11:45:26,INFO,User logged in
11:45:27,INFO,User logged in
11:45:28,ERROR,Connection timeout
11:45:29,INFO,User logged in
11:45:30,ERROR,Connection timeout
11:45:31,ERROR,Disk full
11:45:32,ERROR,Connection timeout
11:45:33,INFO,User logged in
11:45:34,ERROR,Disk full
11:45:35,WARNING,CPU usage high
11:45:36,INFO,Request processed
11:45:37,ERROR,Disk full
11:45:38,ERROR,Disk full
11:45:39,ERROR,Connection timeout
11:45:40,INFO,User logged in
11:45:41,INFO,User logged in
11:45:42,INFO,Request processed
11:45:43,INFO,Request processed
11:45:44,ERROR,Disk full
11:45:45,INFO,Request processed
11:45:46,INFO,Request processed
11:45:47,ERROR,Disk full
11:45:48,ERROR,Disk full
11:45:49,INFO,User logged in
11:45:50,ERROR,Disk full
11:45:51,WARNING,CPU usage high
11:45:52,INFO,User logged in
11:45:53,WARNING,CPU usage high
11:45:54,INFO,Request processed
11:45:55,INFO,Request processed
11:45:56,WARNING,CPU usage high
11:45:57,INFO,User logged in
11:45:58,INFO,User logged in
11:45:59,ERROR,Disk full
11:46:00,ERROR,Disk full
11:46:01,INFO,Request processed
11:46:02,ERROR,Disk full
11:46:03,INFO,User logged in
11:46:04,INFO,Request processed
11:46:05,INFO,Request processed
11:46:06,WARNING,CPU usage high
11:46:07,ERROR,Disk full
11:46:08,INFO,Request processed
11:46:09,INFO,Request processed
11:46:10,WARNING,CPU usage high
11:46:11,ERROR,Connection timeout
11:46:12,INFO,User logged in
11:46:13,INFO,User logged in
11:46:14,WARNING,CPU usage high
11:46:15,ERROR,Connection timeout
11:46:16,INFO,Request processed
11:46:17,WARNING,CPU usage high
11:46:18,INFO,Request processed
11:46:19,ERROR,Disk full
11:46:20,ERROR,Connection timeout
11:46:21,ERROR,Disk full
11:46:22,INFO,Request processed
11:46:23,INFO,User logged in
11:46:24,ERROR,Disk full
11:46:25,INFO,Request processed
11:46:26,ERROR,Disk full
11:46:27,ERROR,Disk full
11:46:28,ERROR,Disk full
11:46:29,ERROR,Disk full
11:46:30,INFO,Request processed
11:46:31,ERROR,Disk full
11:46:32,INFO,Request processed
11:46:33,ERROR,Connection timeout
11:46:34,ERROR,Disk full
11:46:35,INFO,Request processed
11:46:36,WARNING,CPU usage high
11:46:37,INFO,Request processed
11:46:38,INFO,Request processed
11:46:39,INFO,User logged in
11:46:40,INFO,User logged in
11:46:41,INFO,User logged in
11:46:42,INFO,User logged in
11:46:43,INFO,User logged in
11:46:44,ERROR,Connection timeout
11:46:45,ERROR,Disk full
11:46:46,ERROR,Disk full
11:46:47,ERROR,Connection timeout
11:46:48,ERROR,Connection timeout
11:46:49,INFO,Request processed
11:46:50,INFO,Request processed
11:46:51,ERROR,Disk full
11:46:52,WARNING,CPU usage high
11:46:53,ERROR,Connection timeout
11:46:54,INFO,User logged in
11:46:55,INFO,User logged in
11:46:56,WARNING,CPU usage high
11:46:57,ERROR,Disk full
11:46:58,INFO,User logged in
11:46:59,INFO,Request processed
11:47:00,ERROR,Connection timeout
11:47:01,ERROR,Connection timeout
11:47:02,INFO,User logged in
11:47:03,INFO,Request processed
11:47:04,ERROR,Disk full
11:47:05,ERROR,Connection timeout
11:47:06,ERROR,Connection timeout
11:47:07,INFO,Request processed
11:47:08,ERROR,Disk full
11:47:09,INFO,Request processed
11:47:10,ERROR,Disk full
11:47:11,ERROR,Connection timeout
11:47:12,ERROR,Disk full
11:47:13,ERROR,Disk full
11:47:14,ERROR,Connection timeout
11:47:15,ERROR,Disk full
11:47:16,ERROR,Disk full
11:47:17,INFO,User logged in
11:47:18,ERROR,Connection timeout
11:47:19,INFO,User logged in
11:47:20,ERROR,Disk full
11:47:21,INFO,User logged in
11:47:22,WARNING,CPU usage high
11:47:23,ERROR,Disk full
11:47:24,ERROR,Connection timeout
11:47:25,INFO,User logged in
11:47:26,INFO,User logged in
11:47:27,WARNING,CPU usage high
11:47:28,WARNING,CPU usage high
11:47:29,WARNING,CPU usage high
11:47:30,WARNING,CPU usage high
11:47:31,ERROR,Disk full
11:47:32,INFO,Request processed
11:47:33,INFO,Request processed
11:47:34,WARNING,CPU usage high
11:47:35,ERROR,Disk full
11:47:36,ERROR,Connection timeout
11:47:37,ERROR,Disk full
11:47:38,WARNING,CPU usage high
11:47:39,INFO,Request processed
11:47:40,WARNING,CPU usage high
11:47:41,INFO,Request processed
11:47:42,ERROR,Disk full
11:47:43,ERROR,Disk full
11:47:44,INFO,Request processed
11:47:45,INFO,Request processed
11:47:46,INFO,User logged in
11:47:47,WARNING,CPU usage high
11:47:48,INFO,Request processed
11:47:49,INFO,User logged in
11:47:50,INFO,Request processed
11:47:51,INFO,Request processed
11:47:52,WARNING,CPU usage high
11:47:53,INFO,User logged in
11:47:54,INFO,Request processed
11:47:55,INFO,User logged in
11:47:56,WARNING,CPU usage high
11:47:57,ERROR,Connection timeout
11:47:58,ERROR,Connection timeout
11:47:59,ERROR,Connection timeout
11:48:00,ERROR,Connection timeout
11:48:01,INFO,User logged in
11:48:02,WARNING,CPU usage high
11:48:03,ERROR,Connection timeout
11:48:04,INFO,Request processed
11:48:05,WARNING,CPU usage high
11:48:06,ERROR,Disk full
11:48:07,INFO,User logged in
11:48:08,WARNING,CPU usage high
11:48:09,WARNING,CPU usage high
11:48:11,INFO,Request processed
11:48:12,ERROR,Disk full
11:48:13,WARNING,CPU usage high
11:48:14,INFO,Request processed
11:48:15,INFO,User logged in
11:48:16,ERROR,Disk full
11:48:17,INFO,User logged in
11:48:18,ERROR,Disk full
11:48:19,INFO,Request processed
11:48:20,INFO,User logged in
11:48:21,INFO,Request processed
11:48:22,WARNING,CPU usage high
11:48:23,WARNING,CPU usage high
11:48:24,WARNING,CPU usage high
11:48:25,ERROR,Disk full
11:48:26,INFO,Request processed
11:48:27,WARNING,CPU usage high
11:48:28,INFO,User logged in
11:48:29,WARNING,CPU usage high
11:48:30,ERROR,Connection timeout
11:48:31,INFO,Request processed
11:48:32,WARNING,CPU usage high
11:48:33,ERROR,Disk full
11:48:34,ERROR,Disk full
11:48:35,WARNING,CPU usage high
11:48:36,ERROR,Disk full
11:48:37,INFO,User logged in
11:48:38,ERROR,Disk full
11:48:39,INFO,User logged in
11:48:40,ERROR,Connection timeout
11:48:41,ERROR,Connection timeout
11:48:42,ERROR,Connection timeout
11:48:43,WARNING,CPU usage high
11:48:44,INFO,Request processed
11:48:45,WARNING,CPU usage high
11:48:46,ERROR,Disk full
11:48:47,WARNING,CPU usage high
11:48:48,ERROR,Disk full
11:48:49,ERROR,Disk full
11:48:50,WARNING,CPU usage high
11:48:51,ERROR,Connection timeout
11:48:52,ERROR,Disk full
11:48:53,WARNING,CPU usage high
11:48:54,ERROR,Disk full
11:48:55,ERROR,Disk full
11:48:56,ERROR,Connection timeout
11:48:57,INFO,Request processed
11:48:58,ERROR,Disk full
11:48:59,ERROR,Disk full
11:49:00,INFO,Request processed
11:49:01,WARNING,CPU usage high
11:49:02,INFO,Request processed
11:49:03,INFO,User logged in
11:49:04,ERROR,Connection timeout
11:49:05,ERROR,Disk full
11:49:06,INFO,User logged in
11:49:07,WARNING,CPU usage high
11:49:08,INFO,User logged in
11:49:09,ERROR,Disk full
11:49:10,INFO,Request processed
11:49:11,ERROR,Disk full
11:49:12,INFO,User logged in
11:49:13,ERROR,Connection timeout
11:49:14,ERROR,Disk full
11:49:15,WARNING,CPU usage high
11:49:16,INFO,Request processed
11:49:17,WARNING,CPU usage high
11:49:18,ERROR,Disk full
11:49:19,WARNING,CPU usage high
11:49:20,WARNING,CPU usage high
11:49:21,ERROR,Disk full
11:49:22,WARNING,CPU usage high
11:49:23,ERROR,Disk full
11:49:24,INFO,User logged in
11:49:25,ERROR,Connection timeout
11:49:26,ERROR,Connection timeout
11:49:27,ERROR,Connection timeout
11:49:28,INFO,Request processed
11:49:29,ERROR,Disk full
11:49:30,INFO,User logged in
11:49:31,INFO,Request processed
11:49:32,INFO,Request processed
11:49:33,INFO,User logged in
11:49:34,ERROR,Connection timeout
11:49:35,WARNING,CPU usage high
11:49:36,INFO,Request processed
11:49:37,INFO,User logged in
11:49:38,INFO,User logged in
11:49:39,ERROR,Connection timeout
11:49:40,INFO,Request processed
11:49:41,ERROR,Disk full
11:49:42,WARNING,CPU usage high
11:49:43,INFO,User logged in
11:49:44,ERROR,Connection timeout
11:49:45,INFO,Request processed
11:49:46,ERROR,Disk full
11:49:47,ERROR,Connection timeout
11:49:48,ERROR,Connection timeout
11:49:49,INFO,User logged in
11:49:50,ERROR,Disk full
11:49:51,ERROR,Connection timeout
11:49:52,ERROR,Disk full
11:49:53,INFO,Request processed
11:49:54,ERROR,Connection timeout
11:49:55,ERROR,Disk full
11:49:56,INFO,User logged in
11:49:57,INFO,Request processed
11:49:58,INFO,Request processed
11:49:59,ERROR,Connection timeout
11:50:00,ERROR,Connection timeout
11:50:01,INFO,User logged in
11:50:02,ERROR,Disk full
11:50:03,INFO,User logged in
11:50:04,ERROR,Disk full
11:50:05,INFO,User logged in
11:50:06,INFO,User logged in
11:50:07,WARNING,CPU usage high
11:50:08,ERROR,Connection timeout
11:50:09,WARNING,CPU usage high
11:50:10,WARNING,CPU usage high
11:50:11,WARNING,CPU usage high
11:50:12,ERROR,Connection timeout
11:50:13,WARNING,CPU usage high
11:50:14,ERROR,Disk full
11:50:15,INFO,Request processed
11:50:16,ERROR,Disk full
11:50:17,WARNING,CPU usage high
11:50:18,ERROR,Disk full
11:50:19,INFO,Request processed
11:50:20,INFO,Request processed
11:50:21,INFO,Request processed
11:50:22,ERROR,Connection timeout
11:50:23,ERROR,Disk full
11:50:24,INFO,User logged in
11:50:25,ERROR,Disk full
11:50:26,INFO,User logged in
11:50:27,INFO,User logged in
11:50:28,WARNING,CPU usage high
11:50:29,INFO,User logged in
11:50:30,INFO,User logged in
11:50:31,WARNING,CPU usage high
11:50:32,INFO,Request processed
11:50:33,ERROR,Disk full
11:50:34,INFO,Request processed
11:50:35,INFO,User logged in
11:50:36,ERROR,Disk full
11:50:37,ERROR,Connection timeout
11:50:38,INFO,Request processed
11:50:39,INFO,User logged in
11:50:40,INFO,User logged in
11:50:41,ERROR,Connection timeout
11:50:42,ERROR,Disk full
11:50:43,INFO,Request processed
11:50:44,INFO,Request processed
11:50:45,INFO,Request processed
11:50:46,INFO,Request processed
11:50:47,ERROR,Disk full
11:50:48,WARNING,CPU usage high
11:50:49,INFO,Request processed
11:50:50,WARNING,CPU usage high
11:50:51,WARNING,CPU usage high
11:50:52,INFO,Request processed
11:50:53,ERROR,Disk full
11:50:54,ERROR,Disk full
11:50:55,INFO,Request processed
11:50:56,ERROR,Disk full
11:50:57,ERROR,Disk full
11:50:58,INFO,User logged in
11:50:59,WARNING,CPU usage high
11:51:00,ERROR,Disk full
11:51:01,INFO,Request processed
11:51:02,ERROR,Connection timeout
11:51:03,INFO,User logged in
11:51:04,INFO,Request processed
11:51:05,ERROR,Connection timeout
11:51:06,WARNING,CPU usage high
11:51:07,WARNING,CPU usage high
11:51:08,WARNING,CPU usage high
11:51:09,WARNING,CPU usage high
11:51:10,ERROR,Disk full
11:51:11,INFO,User logged in
11:51:12,ERROR,Connection timeout
11:51:13,INFO,Request processed
11:51:14,INFO,Request processed
11:51:15,ERROR,Disk full
11:51:16,WARNING,CPU usage high
11:51:17,INFO,Request processed
11:51:18,INFO,Request processed
11:51:19,ERROR,Disk full
11:51:20,ERROR,Connection timeout
11:51:21,ERROR,Disk full
11:51:22,INFO,User logged in
11:51:23,INFO,User logged in
11:51:24,WARNING,CPU usage high
11:51:25,INFO,User logged in
11:51:26,INFO,User logged in
11:51:27,ERROR,Connection timeout
11:51:28,ERROR,Connection timeout
11:51:29,ERROR,Disk full
11:51:30,ERROR,Connection timeout
11:51:31,INFO,User logged in
11:51:32,WARNING,CPU usage high
11:51:33,ERROR,Disk full
11:51:34,INFO,User logged in
11:51:35,ERROR,Connection timeout
11:51:36,INFO,User logged in
11:51:37,INFO,User logged in
11:51:38,WARNING,CPU usage high
11:51:39,ERROR,Connection timeout
11:51:40,ERROR,Disk full
11:51:41,ERROR,Connection timeout
11:51:42,ERROR,Disk full
11:51:43,WARNING,CPU usage high
11:51:44,WARNING,CPU usage high
11:51:45,ERROR,Connection timeout
11:51:46,INFO,User logged in
11:51:47,ERROR,Disk full
11:51:48,ERROR,Disk full
11:51:49,INFO,User logged in
11:51:50,INFO,User logged in
11:51:51,INFO,User logged in
11:51:52,INFO,User logged in
11:51:53,INFO,User logged in
11:51:54,INFO,Request processed
11:51:55,ERROR,Connection timeout
11:51:56,INFO,Request processed
11:51:57,WARNING,CPU usage high
11:51:58,ERROR,Disk full
11:51:59,INFO,Request processed
11:52:00,WARNING,CPU usage high
11:52:01,INFO,Request processed
11:52:02,WARNING,CPU usage high
11:52:03,WARNING,CPU usage high
11:52:04,INFO,User logged in
11:52:05,ERROR,Disk full
11:52:06,ERROR,Connection timeout
11:52:07,ERROR,Connection timeout
11:52:08,ERROR,Connection timeout
11:52:09,ERROR,Disk full
11:52:10,INFO,Request processed
11:52:11,INFO,Request processed
11:52:12,INFO,Request processed
11:52:13,WARNING,CPU usage high
11:52:14,WARNING,CPU usage high
11:52:15,INFO,Request processed
11:52:16,ERROR,Connection timeout
11:52:17,ERROR,Connection timeout
11:52:18,ERROR,Connection timeout
11:52:19,INFO,User logged in
11:52:20,INFO,User logged in
11:52:21,WARNING,CPU usage high
11:52:22,INFO,User logged in
11:52:23,ERROR,Connection timeout
11:52:24,ERROR,Disk full
11:52:25,ERROR,Disk full
11:52:26,INFO,Request processed
11:52:27,ERROR,Connection timeout
11:52:28,ERROR,Connection timeout
11:52:29,ERROR,Disk full
11:52:30,INFO,User logged in
11:52:31,ERROR,Disk full
11:52:32,WARNING,CPU usage high
11:52:33,ERROR,Disk full
11:52:34,INFO,User logged in
11:52:35,ERROR,Connection timeout
11:52:36,ERROR,Connection timeout
11:52:37,INFO,Request processed
11:52:38,ERROR,Disk full
11:52:39,ERROR,Disk full
11:52:40,ERROR,Disk full
11:52:41,INFO,User logged in
11:52:42,INFO,User logged in
11:52:43,INFO,User logged in
11:52:44,ERROR,Connection timeout
11:52:45,INFO,User logged in
11:52:46,ERROR,Connection timeout
11:52:47,ERROR,Connection timeout
11:52:48,ERROR,Disk full
11:52:49,INFO,Request processed
11:52:50,WARNING,CPU usage high
11:52:51,INFO,User logged in
11:52:52,INFO,Request processed
11:52:53,INFO,Request processed
11:52:54,ERROR,Connection timeout
11:52:55,INFO,Request processed
11:52:56,INFO,Request processed
11:52:57,ERROR,Disk full
11:52:58,INFO,User logged in
11:52:59,ERROR,Disk full
11:53:00,WARNING,CPU usage high
11:53:01,WARNING,CPU usage high
11:53:02,INFO,Request processed
11:53:03,ERROR,Connection timeout
11:53:04,ERROR,Connection timeout
11:53:05,INFO,User logged in
11:53:06,ERROR,Disk full
11:53:07,WARNING,CPU usage high
11:53:08,ERROR,Disk full
11:53:09,WARNING,CPU usage high
11:53:10,WARNING,CPU usage high
11:53:11,ERROR,Connection timeout
11:53:12,INFO,Request processed
11:53:13,INFO,User logged in
11:53:14,INFO,User logged in
11:53:15,ERROR,Connection timeout
11:53:16,INFO,Request processed
11:53:17,ERROR,Connection timeout
11:53:18,INFO,Request processed
11:53:19,ERROR,Disk full
11:53:20,ERROR,Disk full
11:53:21,INFO,Request processed
11:53:22,INFO,User logged in
11:53:23,ERROR,Connection timeout
11:53:24,INFO,User logged in
11:53:25,ERROR,Connection timeout
11:53:26,ERROR,Disk full
11:53:27,WARNING,CPU usage high
11:53:28,INFO,User logged in
11:53:29,ERROR,Connection timeout
11:53:30,INFO,Request processed
11:53:31,INFO,User logged in
11:53:32,ERROR,Disk full
11:53:33,ERROR,Connection timeout
11:53:34,INFO,User logged in
11:53:35,ERROR,Disk full
11:53:36,ERROR,Disk full
11:53:37,INFO,Request processed
11:53:38,ERROR,Connection timeout
11:53:39,INFO,Request processed
11:53:40,ERROR,Connection timeout
11:53:41,ERROR,Connection timeout
11:53:42,ERROR,Disk full
11:53:43,WARNING,CPU usage high
11:53:44,ERROR,Disk full
11:53:45,ERROR,Connection timeout
11:53:46,ERROR,Connection timeout
11:53:47,ERROR,Connection timeout
11:53:48,ERROR,Disk full
11:53:49,ERROR,Disk full
11:53:50,INFO,User logged in
11:53:51,INFO,User logged in
11:53:52,INFO,User logged in
11:53:53,WARNING,CPU usage high
11:53:54,WARNING,CPU usage high
11:53:55,ERROR,Disk full
11:53:56,INFO,Request processed
11:53:57,ERROR,Connection timeout
11:53:58,INFO,Request processed
11:53:59,WARNING,CPU usage high
11:54:00,WARNING,CPU usage high
11:54:01,INFO,User logged in
11:54:02,INFO,Request processed
11:54:03,INFO,Request processed
11:54:04,INFO,User logged in
11:54:05,INFO,User logged in
11:54:06,ERROR,Disk full
11:54:07,ERROR,Connection timeout
11:54:08,INFO,User logged in
11:54:09,ERROR,Connection timeout
11:54:10,WARNING,CPU usage high
11:54:11,INFO,User logged in
11:54:12,INFO,User logged in
11:54:13,INFO,Request processed
11:54:14,INFO,User logged in
11:54:15,ERROR,Connection timeout
11:54:16,ERROR,Disk full
11:54:17,INFO,Request processed
11:54:18,WARNING,CPU usage high
11:54:19,INFO,User logged in
11:54:20,WARNING,CPU usage high
11:54:21,INFO,Request processed
11:54:22,WARNING,CPU usage high
11:54:23,WARNING,CPU usage high
11:54:24,INFO,User logged in
11:54:25,INFO,User logged in
11:54:26,WARNING,CPU usage high
11:54:27,WARNING,CPU usage high
11:54:28,WARNING,CPU usage high
11:54:29,INFO,Request processed
11:54:30,INFO,Request processed
11:54:31,ERROR,Disk full
11:54:32,WARNING,CPU usage high
11:54:33,INFO,Request processed
11:54:34,WARNING,CPU usage high
11:54:35,ERROR,Disk full
11:54:36,WARNING,CPU usage high
11:54:37,ERROR,Connection timeout
11:54:38,INFO,Request processed
11:54:39,ERROR,Connection timeout
11:54:40,INFO,User logged in
11:54:41,INFO,Request processed
11:54:42,WARNING,CPU usage high
11:54:43,INFO,User logged in
11:54:44,INFO,Request processed
11:54:45,INFO,User logged in
11:54:46,INFO,Request processed
11:54:47,INFO,User logged in
11:54:48,WARNING,CPU usage high
11:54:49,INFO,User logged in
11:54:50,WARNING,CPU usage high
11:54:51,ERROR,Connection timeout
11:54:52,ERROR,Disk full
11:54:53,WARNING,CPU usage high
11:54:54,INFO,Request processed
11:54:55,INFO,Request processed
11:54:56,WARNING,CPU usage high
11:54:57,WARNING,CPU usage high
11:54:58,INFO,User logged in
11:54:59,INFO,Request processed
11:55:00,WARNING,CPU usage high
11:55:01,WARNING,CPU usage high
11:55:02,WARNING,CPU usage high
11:55:03,INFO,User logged in
11:55:04,ERROR,Connection timeout
11:55:05,INFO,User logged in
11:55:06,INFO,User logged in
11:55:07,INFO,Request processed
11:55:08,INFO,Request processed
11:55:09,ERROR,Disk full
11:55:10,INFO,User logged in
11:55:11,ERROR,Connection timeout
11:55:12,ERROR,Disk full
11:55:13,INFO,Request processed
11:55:14,INFO,User logged in
11:55:15,ERROR,Connection timeout
11:55:16,ERROR,Connection timeout
11:55:17,WARNING,CPU usage high
11:55:18,INFO,Request processed
11:55:19,WARNING,CPU usage high
11:55:20,ERROR,Disk full
11:55:21,ERROR,Disk full
11:55:22,ERROR,Connection timeout
11:55:23,ERROR,Disk full
11:55:24,INFO,User logged in
11:55:25,ERROR,Disk full
11:55:26,INFO,Request processed
11:55:27,INFO,User logged in
11:55:28,ERROR,Disk full
11:55:29,WARNING,CPU usage high
11:55:30,INFO,User logged in
11:55:31,INFO,Request processed
11:55:32,ERROR,Disk full
11:55:33,WARNING,CPU usage high
11:55:34,INFO,Request processed
11:55:35,ERROR,Connection timeout
11:55:36,ERROR,Connection timeout
11:55:37,ERROR,Disk full
11:55:38,ERROR,Disk full
11:55:39,INFO,Request processed
11:55:40,ERROR,Disk full
11:55:41,INFO,Request processed
11:55:42,ERROR,Disk full
11:55:43,WARNING,CPU usage high
11:55:44,WARNING,CPU usage high
11:55:45,INFO,Request processed
11:55:46,INFO,User logged in
11:55:47,ERROR,Connection timeout
11:55:48,ERROR,Disk full
11:55:49,INFO,Request processed
11:55:50,INFO,Request processed
11:55:51,INFO,User logged in
11:55:52,INFO,User logged in
11:55:53,WARNING,CPU usage high
11:55:54,INFO,Request processed
11:55:55,INFO,User logged in
11:55:56,ERROR,Connection timeout
11:55:57,INFO,User logged in
11:55:58,INFO,User logged in
11:55:59,ERROR,Connection timeout
11:56:00,ERROR,Connection timeout
11:56:01,ERROR,Connection timeout
11:56:02,ERROR,Connection timeout
11:56:03,INFO,Request processed
11:56:04,INFO,Request processed
11:56:05,ERROR,Connection timeout
11:56:06,ERROR,Disk full
11:56:07,ERROR,Connection timeout
11:56:08,ERROR,Disk full
11:56:09,ERROR,Connection timeout
11:56:10,WARNING,CPU usage high
11:56:11,ERROR,Disk full
11:56:12,WARNING,CPU usage high
11:56:13,WARNING,CPU usage high
11:56:14,WARNING,CPU usage high
11:56:15,ERROR,Connection timeout
11:56:16,INFO,Request processed
11:56:17,ERROR,Disk full
11:56:18,WARNING,CPU usage high
11:56:19,ERROR,Disk full
11:56:20,INFO,User logged in
11:56:21,INFO,User logged in
11:56:22,WARNING,CPU usage high
11:56:23,ERROR,Connection timeout
11:56:24,ERROR,Connection timeout
11:56:25,INFO,Request processed
11:56:26,INFO,User logged in
11:56:27,ERROR,Disk full
11:56:28,INFO,Request processed
11:56:29,INFO,User logged in
11:56:30,INFO,Request processed
11:56:31,WARNING,CPU usage high
11:56:32,INFO,User logged in
11:56:33,WARNING,CPU usage high
11:56:34,INFO,Request processed
11:56:35,ERROR,Connection timeout
11:56:36,INFO,Request processed
11:56:37,INFO,User logged in
11:56:38,ERROR,Connection timeout
11:56:39,INFO,Request processed
11:56:40,ERROR,Connection timeout
11:56:41,WARNING,CPU usage high
11:56:42,WARNING,CPU usage high
11:56:43,ERROR,Disk full
11:56:44,INFO,User logged in
11:56:45,ERROR,Connection timeout
11:56:46,INFO,Request processed
11:56:47,INFO,Request processed
11:56:48,ERROR,Disk full
11:56:49,INFO,Request processed
11:56:50,ERROR,Connection timeout
11:56:51,ERROR,Disk full
11:56:52,ERROR,Disk full
11:56:53,INFO,User logged in
11:56:54,ERROR,Connection timeout
11:56:55,INFO,User logged in
11:56:56,ERROR,Connection timeout
11:56:57,ERROR,Connection timeout
11:56:58,WARNING,CPU usage high
11:56:59,ERROR,Disk full
11:57:00,ERROR,Disk full
11:57:01,INFO,User logged in
11:57:02,WARNING,CPU usage high
11:57:03,ERROR,Disk full
11:57:04,WARNING,CPU usage high
11:57:05,INFO,User logged in
11:57:06,ERROR,Connection timeout
11:57:07,ERROR,Disk full
11:57:08,ERROR,Connection timeout
11:57:09,INFO,Request processed
11:57:10,INFO,User logged in
11:57:11,INFO,Request processed
11:57:12,INFO,User logged in
11:57:13,ERROR,Connection timeout
11:57:14,WARNING,CPU usage high
11:57:15,ERROR,Connection timeout
11:57:16,WARNING,CPU usage high
11:57:17,ERROR,Connection timeout
11:57:18,WARNING,CPU usage high
11:57:19,INFO,Request processed
11:57:20,INFO,User logged in
11:57:21,INFO,User logged in
11:57:22,INFO,User logged in
11:57:23,ERROR,Disk full
11:57:24,INFO,User logged in
11:57:25,ERROR,Connection timeout
11:57:26,WARNING,CPU usage high
11:57:27,INFO,User logged in
11:57:28,INFO,User logged in
11:57:29,WARNING,CPU usage high
11:57:30,ERROR,Connection timeout
11:57:31,ERROR,Disk full
11:57:32,INFO,User logged in
11:57:33,ERROR,Connection timeout
11:57:34,INFO,Request processed
11:57:35,ERROR,Connection timeout
11:57:36,ERROR,Connection timeout
11:57:37,WARNING,CPU usage high
11:57:38,ERROR,Connection timeout
11:57:39,INFO,User logged in
11:57:40,ERROR,Disk full
11:57:41,INFO,User logged in
11:57:42,ERROR,Disk full
11:57:43,WARNING,CPU usage high
11:57:44,ERROR,Connection timeout
11:57:45,ERROR,Connection timeout
11:57:46,INFO,User logged in
11:57:47,INFO,User logged in
11:57:48,INFO,Request processed
11:57:49,ERROR,Connection timeout
11:57:50,ERROR,Disk full
11:57:51,ERROR,Disk full
11:57:52,INFO,Request processed
11:57:53,INFO,Request processed
11:57:54,ERROR,Disk full
11:57:55,INFO,User logged in
11:57:56,INFO,Request processed
11:57:57,INFO,User logged in
11:57:58,INFO,Request processed
11:57:59,ERROR,Disk full
11:58:00,ERROR,Disk full
11:58:01,ERROR,Disk full
11:58:02,ERROR,Connection timeout
11:58:03,INFO,User logged in
11:58:04,WARNING,CPU usage high
11:58:05,ERROR,Disk full
11:58:06,INFO,User logged in
11:58:07,ERROR,Connection timeout
11:58:08,ERROR,Disk full
11:58:09,ERROR,Disk full
11:58:10,WARNING,CPU usage high
11:58:11,ERROR,Connection timeout
11:58:12,ERROR,Disk full
11:58:13,ERROR,Disk full
11:58:14,INFO,User logged in
11:58:15,WARNING,CPU usage high
11:58:16,INFO,User logged in
11:58:17,INFO,Request processed
11:58:18,WARNING,CPU usage high
11:58:19,INFO,User logged in
11:58:20,WARNING,CPU usage high
11:58:21,INFO,Request processed
11:58:22,ERROR,Connection timeout
11:58:23,INFO,Request processed
11:58:24,INFO,User logged in
11:58:25,WARNING,CPU usage high
11:58:26,WARNING,CPU usage high
11:58:27,ERROR,Connection timeout
11:58:28,ERROR,Disk full
11:58:29,ERROR,Disk full
11:58:30,ERROR,Connection timeout
11:58:31,ERROR,Connection timeout
11:58:32,INFO,User logged in
11:58:33,WARNING,CPU usage high
11:58:34,ERROR,Connection timeout
11:58:35,INFO,Request processed
11:58:36,ERROR,Connection timeout
11:58:37,INFO,User logged in
11:58:38,ERROR,Connection timeout
11:58:39,WARNING,CPU usage high
11:58:40,ERROR,Disk full
11:58:41,ERROR,Disk full
11:58:42,INFO,Request processed
11:58:43,WARNING,CPU usage high
11:58:44,ERROR,Disk full
11:58:45,ERROR,Disk full
11:58:46,ERROR,Disk full
11:58:47,ERROR,Disk full
11:58:48,ERROR,Disk full
11:58:49,ERROR,Disk full
11:58:50,INFO,Request processed
11:58:51,ERROR,Connection timeout
11:58:52,WARNING,CPU usage high
11:58:53,ERROR,Connection timeout
11:58:54,ERROR,Disk full
11:58:55,INFO,Request processed
11:58:56,INFO,User logged in
11:58:57,INFO,Request processed
11:58:58,INFO,User logged in
11:58:59,WARNING,CPU usage high
11:59:00,INFO,Request processed
11:59:01,INFO,User logged in
11:59:02,INFO,Request processed
11:59:03,ERROR,Disk full
11:59:04,INFO,User logged in
11:59:05,ERROR,Disk full
11:59:06,INFO,User logged in
11:59:07,INFO,User logged in
11:59:08,INFO,User logged in
11:59:09,WARNING,CPU usage high
11:59:10,ERROR,Disk full
11:59:11,ERROR,Connection timeout
11:59:12,INFO,Request processed
11:59:13,INFO,User logged in
11:59:14,ERROR,Connection timeout
11:59:15,ERROR,Disk full
11:59:16,INFO,User logged in
11:59:17,ERROR,Disk full
11:59:18,INFO,User logged in
11:59:19,INFO,Request processed
11:59:20,WARNING,CPU usage high
11:59:21,INFO,Request processed
11:59:22,ERROR,Disk full
11:59:23,WARNING,CPU usage high
11:59:24,INFO,User logged in
11:59:25,ERROR,Connection timeout
11:59:26,ERROR,Disk full
11:59:27,INFO,Request processed
11:59:28,ERROR,Connection timeout
11:59:29,WARNING,CPU usage high
11:59:30,WARNING,CPU usage high
11:59:31,ERROR,Disk full
11:59:32,ERROR,Connection timeout
11:59:33,INFO,Request processed
11:59:34,ERROR,Disk full
11:59:35,ERROR,Disk full
11:59:36,INFO,User logged in
11:59:37,WARNING,CPU usage high
11:59:38,INFO,Request processed
11:59:39,WARNING,CPU usage high
11:59:40,INFO,Request processed
11:59:41,INFO,Request processed
11:59:42,INFO,Request processed
11:59:43,ERROR,Connection timeout
11:59:44,ERROR,Connection timeout
11:59:45,INFO,Request processed
11:59:46,ERROR,Disk full
11:59:47,INFO,User logged in
11:59:48,INFO,User logged in
11:59:49,ERROR,Connection timeout
11:59:50,ERROR,Connection timeout
11:59:51,ERROR,Connection timeout
11:59:52,ERROR,Connection timeout
11:59:53,ERROR,Disk full
11:59:54,ERROR,Connection timeout
11:59:55,ERROR,Disk full
11:59:56,ERROR,Disk full
11:59:57,INFO,User logged in
11:59:58,INFO,Request processed
11:59:59,ERROR,Disk full
12:00:00,ERROR,Connection timeout
12:00:01,INFO,Request processed
12:00:02,INFO,Request processed
12:00:03,ERROR,Connection timeout
12:00:04,INFO,Request processed
12:00:05,WARNING,CPU usage high
12:00:06,INFO,Request processed
12:00:07,INFO,User logged in
12:00:08,INFO,Request processed
12:00:09,INFO,User logged in
12:00:10,INFO,User logged in
12:00:11,ERROR,Connection timeout
12:00:12,ERROR,Connection timeout
12:00:13,WARNING,CPU usage high
12:00:14,WARNING,CPU usage high
12:00:15,ERROR,Connection timeout
12:00:16,ERROR,Connection timeout
12:00:17,WARNING,CPU usage high
12:00:18,INFO,User logged in
12:00:19,INFO,User logged in
12:00:20,WARNING,CPU usage high
12:00:21,INFO,User logged in
12:00:22,WARNING,CPU usage high
12:00:23,INFO,User logged in
12:00:24,INFO,Request processed
12:00:25,ERROR,Connection timeout
12:00:26,WARNING,CPU usage high
12:00:27,INFO,User logged in
12:00:28,INFO,Request processed
12:00:29,ERROR,Connection timeout
12:00:30,WARNING,CPU usage high
12:00:31,ERROR,Connection timeout
12:00:32,WARNING,CPU usage high
12:00:33,INFO,User logged in
12:00:34,WARNING,CPU usage high
12:00:35,ERROR,Disk full
12:00:36,WARNING,CPU usage high
12:00:37,INFO,Request processed
12:00:38,ERROR,Disk full
12:00:39,ERROR,Connection timeout
12:00:40,WARNING,CPU usage high
12:00:41,WARNING,CPU usage high
12:00:42,ERROR,Disk full
12:00:43,INFO,User logged in
12:00:44,WARNING,CPU usage high
12:00:45,ERROR,Connection timeout
12:00:46,WARNING,CPU usage high
12:00:47,ERROR,Disk full
12:00:48,ERROR,Connection timeout
12:00:49,INFO,Request processed
12:00:50,INFO,User logged in
12:00:51,INFO,User logged in
12:00:52,WARNING,CPU usage high
12:00:53,ERROR,Connection timeout
12:00:54,ERROR,Disk full
12:00:55,INFO,User logged in
12:00:56,WARNING,CPU usage high
12:00:57,ERROR,Connection timeout
12:00:58,ERROR,Connection timeout
12:00:59,ERROR,Connection timeout
12:01:00,ERROR,Connection timeout
12:01:01,INFO,User logged in
12:01:02,ERROR,Connection timeout
12:01:03,ERROR,Connection timeout
12:01:04,INFO,Request processed
12:01:05,ERROR,Disk full
12:01:06,ERROR,Connection timeout
12:01:07,WARNING,CPU usage high
12:01:08,ERROR,Disk full
12:01:09,WARNING,CPU usage high
12:01:10,ERROR,Disk full
12:01:11,INFO,Request processed
12:01:12,INFO,Request processed
12:01:13,ERROR,Connection timeout
12:01:14,ERROR,Connection timeout
12:01:15,ERROR,Disk full
12:01:16,ERROR,Connection timeout
12:01:17,ERROR,Disk full
12:01:18,ERROR,Disk full
12:01:19,WARNING,CPU usage high
12:01:20,ERROR,Connection timeout
12:01:21,INFO,Request processed
12:01:22,INFO,User logged in
12:01:23,WARNING,CPU usage high
12:01:24,ERROR,Disk full
12:01:26,ERROR,Connection timeout
12:01:27,INFO,User logged in
12:01:28,INFO,User logged in
12:01:29,ERROR,Disk full
12:01:30,INFO,Request processed
12:01:31,WARNING,CPU usage high
12:01:32,WARNING,CPU usage high
12:01:33,INFO,Request processed
12:01:34,ERROR,Disk full
12:01:35,INFO,User logged in
12:01:36,INFO,Request processed
12:01:37,WARNING,CPU usage high
12:01:38,INFO,User logged in
12:01:39,WARNING,CPU usage high
12:01:40,WARNING,CPU usage high
12:01:41,ERROR,Connection timeout
12:01:42,INFO,User logged in
12:01:43,ERROR,Disk full
12:01:44,INFO,User logged in
12:01:45,INFO,Request processed
12:01:46,INFO,User logged in
12:01:47,WARNING,CPU usage high
12:01:48,WARNING,CPU usage high
12:01:49,ERROR,Disk full
12:01:50,INFO,User logged in
12:01:51,ERROR,Connection timeout
12:01:52,WARNING,CPU usage high
12:01:53,INFO,Request processed
12:01:54,ERROR,Connection timeout
12:01:55,INFO,Request processed
12:01:56,INFO,Request processed
12:01:57,WARNING,CPU usage high
12:01:58,WARNING,CPU usage high
12:01:59,INFO,User logged in
12:02:00,INFO,Request processed
12:02:01,WARNING,CPU usage high
12:02:02,ERROR,Connection timeout
12:02:03,WARNING,CPU usage high
12:02:04,INFO,Request processed
12:02:05,ERROR,Disk full
12:02:06,INFO,User logged in
12:02:07,INFO,User logged in
12:02:08,WARNING,CPU usage high
12:02:09,INFO,Request processed
12:02:10,INFO,User logged in
12:02:11,INFO,Request processed
12:02:12,INFO,Request processed
12:02:13,ERROR,Connection timeout
12:02:14,WARNING,CPU usage high
12:02:15,ERROR,Disk full
12:02:16,ERROR,Connection timeout
12:02:17,WARNING,CPU usage high
12:02:18,WARNING,CPU usage high
12:02:19,ERROR,Connection timeout
12:02:20,ERROR,Disk full
12:02:21,ERROR,Connection timeout
12:02:22,INFO,Request processed
12:02:23,INFO,Request processed
12:02:24,INFO,User logged in
12:02:25,ERROR,Connection timeout
12:02:26,INFO,User logged in
12:02:27,ERROR,Connection timeout
12:02:28,ERROR,Connection timeout
12:02:29,WARNING,CPU usage high
12:02:30,INFO,User logged in
12:02:31,ERROR,Connection timeout
12:02:32,ERROR,Connection timeout
12:02:33,INFO,User logged in
12:02:34,INFO,Request processed
12:02:35,ERROR,Connection timeout
12:02:36,INFO,User logged in
12:02:37,WARNING,CPU usage high
12:02:38,WARNING,CPU usage high
12:02:39,INFO,User logged in
12:02:40,INFO,User logged in
12:02:41,WARNING,CPU usage high
12:02:42,INFO,Request processed
12:02:43,ERROR,Disk full
12:02:44,INFO,Request processed
12:02:45,INFO,User logged in
12:02:46,INFO,User logged in
12:02:47,INFO,User logged in
12:02:48,INFO,Request processed
12:02:49,INFO,User logged in
12:02:50,INFO,User logged in
12:02:51,ERROR,Connection timeout
12:02:52,INFO,Request processed
12:02:53,INFO,User logged in
12:02:54,INFO,User logged in
12:02:55,ERROR,Disk full
12:02:56,ERROR,Disk full
12:02:57,INFO,User logged in
12:02:58,INFO,User logged in
12:02:59,ERROR,Connection timeout
12:03:00,WARNING,CPU usage high
12:03:01,INFO,User logged in
12:03:02,INFO,User logged in
12:03:03,WARNING,CPU usage high
12:03:04,WARNING,CPU usage high
12:03:05,INFO,Request processed
12:03:06,INFO,Request processed
12:03:07,ERROR,Disk full
12:03:08,ERROR,Connection timeout
12:03:09,ERROR,Disk full
12:03:10,WARNING,CPU usage high
12:03:11,INFO,User logged in
12:03:12,INFO,Request processed
12:03:13,INFO,User logged in
12:03:14,INFO,Request processed
12:03:15,INFO,Request processed
12:03:16,WARNING,CPU usage high
12:03:17,INFO,Request processed
12:03:18,INFO,User logged in
12:03:19,WARNING,CPU usage high
12:03:20,INFO,User logged in
12:03:21,ERROR,Disk full
12:03:22,ERROR,Connection timeout
12:03:23,INFO,Request processed
12:03:24,ERROR,Disk full
12:03:25,INFO,User logged in
12:03:26,INFO,User logged in
12:03:27,WARNING,CPU usage high
12:03:28,INFO,User logged in
12:03:29,WARNING,CPU usage high
12:03:30,INFO,Request processed
12:03:31,WARNING,CPU usage high
12:03:32,ERROR,Connection timeout
12:03:33,INFO,User logged in
12:03:34,ERROR,Connection timeout
12:03:35,INFO,Request processed
12:03:36,ERROR,Connection timeout
12:03:37,INFO,User logged in
12:03:38,WARNING,CPU usage high
12:03:39,INFO,User logged in
12:03:40,ERROR,Disk full
12:03:41,ERROR,Connection timeout
12:03:42,INFO,Request processed
12:03:43,WARNING,CPU usage high
12:03:44,INFO,User logged in
12:03:45,WARNING,CPU usage high
12:03:46,INFO,User logged in
12:03:47,ERROR,Disk full
12:03:48,INFO,User logged in
12:03:49,INFO,User logged in
12:03:50,ERROR,Connection timeout
12:03:51,WARNING,CPU usage high
12:03:52,INFO,User logged in
12:03:53,ERROR,Connection timeout
12:03:54,WARNING,CPU usage high
12:03:55,WARNING,CPU usage high
12:03:56,ERROR,Connection timeout
12:03:57,INFO,Request processed
12:03:58,WARNING,CPU usage high
12:03:59,INFO,User logged in
12:04:00,ERROR,Disk full
12:04:01,ERROR,Connection timeout
12:04:02,ERROR,Disk full
12:04:03,ERROR,Connection timeout
12:04:04,WARNING,CPU usage high
12:04:05,WARNING,CPU usage high
12:04:06,WARNING,CPU usage high
12:04:07,ERROR,Disk full
12:04:08,ERROR,Connection timeout
12:04:09,INFO,User logged in
12:04:10,WARNING,CPU usage high
12:04:11,INFO,Request processed
12:04:12,ERROR,Disk full
12:04:13,WARNING,CPU usage high
12:04:14,INFO,Request processed
12:04:15,WARNING,CPU usage high
12:04:16,INFO,Request processed
12:04:17,ERROR,Disk full
12:04:18,INFO,Request processed
12:04:19,INFO,User logged in
12:04:20,INFO,Request processed
12:04:21,ERROR,Disk full
12:04:22,ERROR,Connection timeout
12:04:23,INFO,Request processed
12:04:24,INFO,Request processed
12:04:25,ERROR,Connection timeout
12:04:26,INFO,User logged in
12:04:27,ERROR,Disk full
12:04:28,INFO,Request processed
12:04:29,WARNING,CPU usage high
12:04:30,WARNING,CPU usage high
12:04:31,ERROR,Connection timeout
12:04:32,WARNING,CPU usage high
12:04:33,INFO,User logged in
12:04:34,INFO,User logged in
12:04:35,WARNING,CPU usage high
12:04:36,WARNING,CPU usage high
12:04:37,WARNING,CPU usage high
12:04:38,INFO,Request processed
12:04:39,INFO,User logged in
12:04:40,WARNING,CPU usage high
12:04:41,ERROR,Connection timeout
12:04:42,WARNING,CPU usage high
12:04:43,INFO,User logged in
12:04:44,ERROR,Disk full
12:04:45,ERROR,Disk full
12:04:46,ERROR,Disk full
12:04:47,ERROR,Connection timeout
12:04:48,INFO,Request processed
12:04:49,ERROR,Disk full
12:04:50,ERROR,Disk full
12:04:51,INFO,Request processed
12:04:52,WARNING,CPU usage high
12:04:53,INFO,User logged in
12:04:54,INFO,Request processed
12:04:55,WARNING,CPU usage high
12:04:56,WARNING,CPU usage high
12:04:57,INFO,User logged in
12:04:58,INFO,Request processed
12:04:59,ERROR,Disk full
12:05:00,ERROR,Disk full
12:05:01,ERROR,Disk full
12:05:02,WARNING,CPU usage high
12:05:03,WARNING,CPU usage high
12:05:04,ERROR,Connection timeout
12:05:05,ERROR,Disk full
12:05:06,WARNING,CPU usage high
12:05:07,ERROR,Disk full
12:05:08,WARNING,CPU usage high
12:05:09,ERROR,Connection timeout
12:05:10,ERROR,Disk full
12:05:11,INFO,Request processed
12:05:12,ERROR,Disk full
12:05:13,WARNING,CPU usage high
12:05:14,INFO,Request processed
12:05:15,ERROR,Disk full
12:05:16,INFO,User logged in
12:05:17,ERROR,Disk full
12:05:18,INFO,User logged in
12:05:19,ERROR,Connection timeout
12:05:20,ERROR,Disk full
12:05:21,INFO,User logged in
12:05:22,INFO,User logged in
12:05:23,INFO,Request processed
12:05:24,INFO,Request processed
12:05:25,ERROR,Disk full
12:05:26,INFO,Request processed
12:05:27,ERROR,Disk full
12:05:28,INFO,Request processed
12:05:29,ERROR,Disk full
12:05:30,ERROR,Disk full
12:05:31,ERROR,Disk full
12:05:32,ERROR,Disk full
12:05:33,WARNING,CPU usage high
12:05:34,INFO,User logged in
12:05:35,INFO,Request processed
12:05:36,WARNING,CPU usage high
12:05:37,WARNING,CPU usage high
12:05:38,ERROR,Disk full
12:05:39,INFO,User logged in
12:05:40,INFO,Request processed
12:05:41,WARNING,CPU usage high
12:05:42,INFO,User logged in
12:05:43,ERROR,Connection timeout
12:05:44,ERROR,Disk full
12:05:45,INFO,Request processed
12:05:46,INFO,Request processed
12:05:47,ERROR,Connection timeout
12:05:48,INFO,Request processed
12:05:49,INFO,Request processed
12:05:50,ERROR,Connection timeout
12:05:51,INFO,Request processed
12:05:52,ERROR,Disk full
12:05:53,ERROR,Disk full
12:05:54,INFO,User logged in
12:10:41,WARNING,CPU usage high
12:10:42,INFO,User logged in
12:10:43,ERROR,Disk full
12:10:44,ERROR,Disk full
12:10:45,ERROR,Connection timeout
12:15:55,INFO,Request processed
12:15:56,INFO,User logged in
12:15:57,ERROR,Disk full
12:15:58,ERROR,Disk full
12:15:59,ERROR,Connection timeout
12:16:00,ERROR,Disk full
12:16:01,INFO,Request processed
12:16:02,INFO,User logged in
12:16:03,INFO,Request processed
12:16:04,INFO,Request processed
12:16:05,INFO,User logged in
12:16:06,ERROR,Connection timeout
12:16:07,INFO,User logged in
12:16:08,ERROR,Disk full
12:16:09,INFO,Request processed
12:16:10,ERROR,Disk full
12:16:11,ERROR,Connection timeout
12:16:12,ERROR,Disk full
12:16:13,ERROR,Connection timeout
12:16:14,INFO,Request processed
12:16:15,INFO,Request processed
12:16:16,ERROR,Connection timeout
12:16:17,WARNING,CPU usage high
12:16:18,WARNING,CPU usage high
12:16:19,ERROR,Disk full
12:16:20,INFO,User logged in
12:16:21,INFO,Request processed
12:16:22,ERROR,Disk full
12:16:23,INFO,Request processed
12:16:24,ERROR,Connection timeout
12:16:25,INFO,User logged in
12:16:26,ERROR,Disk full
12:16:27,INFO,User logged in
12:16:28,INFO,Request processed
12:16:29,ERROR,Connection timeout
12:16:30,ERROR,Connection timeout
12:16:31,WARNING,CPU usage high
12:16:32,ERROR,Disk full
12:16:33,ERROR,Connection timeout
12:16:34,ERROR,Connection timeout
12:16:35,WARNING,CPU usage high
12:16:36,WARNING,CPU usage high
12:16:37,INFO,Request processed
12:16:38,ERROR,Disk full
12:16:39,INFO,User logged in
12:16:40,ERROR,Disk full
12:16:41,ERROR,Connection timeout
12:16:42,ERROR,Connection timeout
12:16:43,INFO,User logged in
12:16:44,INFO,Request processed
12:16:45,ERROR,Disk full
12:16:46,ERROR,Disk full
12:16:47,ERROR,Disk full
12:16:48,ERROR,Disk full
12:16:49,ERROR,Disk full
12:16:50,WARNING,CPU usage high
12:16:51,INFO,Request processed
12:16:52,ERROR,Connection timeout
12:16:53,INFO,User logged in
12:16:54,ERROR,Connection timeout
12:16:55,INFO,Request processed
12:16:56,ERROR,Connection timeout
12:16:57,WARNING,CPU usage high
12:16:58,INFO,Request processed
12:16:59,ERROR,Disk full
12:17:00,INFO,User logged in
12:17:01,ERROR,Disk full
12:17:02,ERROR,Disk full
12:17:03,WARNING,CPU usage high
12:17:04,INFO,Request processed
12:17:05,ERROR,Disk full
12:17:06,INFO,User logged in
12:17:07,WARNING,CPU usage high
12:17:08,ERROR,Connection timeout
12:17:09,WARNING,CPU usage high
12:17:10,INFO,User logged in
12:17:11,WARNING,CPU usage high
12:17:12,ERROR,Connection timeout
12:17:13,INFO,Request processed
12:17:14,WARNING,CPU usage high
12:17:15,ERROR,Connection timeout
12:17:16,INFO,User logged in
12:17:17,ERROR,Disk full
12:17:18,INFO,Request processed
12:17:19,ERROR,Connection timeout
12:17:20,ERROR,Connection timeout
12:17:21,WARNING,CPU usage high
12:17:22,INFO,User logged in
12:17:23,ERROR,Disk full
12:17:24,ERROR,Connection timeout
12:17:25,ERROR,Disk full
12:17:26,INFO,User logged in
12:17:27,ERROR,Disk full
12:17:28,ERROR,Connection timeout
12:17:29,ERROR,Connection timeout
12:17:30,ERROR,Disk full
12:17:31,INFO,User logged in
12:17:32,INFO,User logged in
12:17:33,INFO,Request processed
12:17:34,WARNING,CPU usage high
12:17:35,ERROR,Connection timeout
12:17:36,WARNING,CPU usage high
12:17:37,ERROR,Disk full
12:17:38,WARNING,CPU usage high
12:17:39,WARNING,CPU usage high
12:17:40,ERROR,Disk full
12:17:41,WARNING,CPU usage high
12:17:42,INFO,User logged in
12:17:43,WARNING,CPU usage high
12:17:44,WARNING,CPU usage high
12:17:45,INFO,Request processed
12:17:46,WARNING,CPU usage high
12:17:47,INFO,Request processed
12:17:48,INFO,Request processed
12:17:49,INFO,Request processed
12:17:50,INFO,User logged in
12:17:51,ERROR,Disk full
12:17:52,INFO,Request processed
12:17:53,INFO,Request processed
12:17:54,INFO,Request processed
12:17:55,INFO,Request processed
12:17:56,INFO,Request processed
12:17:57,ERROR,Disk full
12:17:58,ERROR,Disk full
12:17:59,ERROR,Connection timeout
12:18:00,INFO,User logged in
12:18:01,ERROR,Connection timeout
12:18:02,ERROR,Disk full
12:18:03,INFO,User logged in
12:18:04,INFO,Request processed
12:18:05,ERROR,Connection timeout
12:18:06,ERROR,Disk full
12:18:07,INFO,Request processed
12:18:08,ERROR,Disk full
12:18:09,INFO,Request processed
12:18:10,WARNING,CPU usage high
12:18:11,INFO,User logged in
12:18:12,ERROR,Disk full
12:18:13,ERROR,Disk full
12:18:14,WARNING,CPU usage high
12:18:15,ERROR,Connection timeout
12:18:16,ERROR,Connection timeout
12:18:17,INFO,User logged in
12:18:18,INFO,Request processed
12:18:19,ERROR,Connection timeout
12:18:20,ERROR,Disk full
12:18:21,WARNING,CPU usage high
12:18:22,ERROR,Connection timeout
12:18:23,ERROR,Disk full
12:18:24,ERROR,Connection timeout
12:18:25,WARNING,CPU usage high
12:18:26,INFO,User logged in
12:18:27,ERROR,Connection timeout
12:18:28,ERROR,Connection timeout
12:18:29,WARNING,CPU usage high
12:18:30,INFO,User logged in
12:18:31,ERROR,Disk full
12:18:32,ERROR,Disk full
12:18:33,INFO,Request processed
12:18:34,INFO,User logged in
12:18:35,ERROR,Connection timeout
12:18:36,INFO,Request processed
12:18:37,ERROR,Connection timeout
12:18:38,INFO,User logged in
12:18:39,INFO,User logged in
12:18:40,ERROR,Disk full
12:18:41,ERROR,Connection timeout
12:18:42,INFO,User logged in
12:18:43,WARNING,CPU usage high
12:18:44,ERROR,Disk full
12:18:45,WARNING,CPU usage high
12:18:46,INFO,User logged in
12:18:47,INFO,Request processed
12:18:48,ERROR,Disk full
12:18:49,WARNING,CPU usage high
12:18:50,INFO,User logged in
12:18:51,ERROR,Disk full
12:18:52,ERROR,Disk full
12:18:53,INFO,User logged in
12:18:54,ERROR,Connection timeout
12:18:55,ERROR,Disk full
12:18:56,ERROR,Disk full
12:18:57,WARNING,CPU usage high
12:18:58,ERROR,Connection timeout
12:18:59,INFO,User logged in
12:19:00,INFO,Request processed
12:19:01,ERROR,Disk full
12:19:02,ERROR,Connection timeout
12:19:03,INFO,User logged in
12:19:04,ERROR,Connection timeout
12:19:05,ERROR,Connection timeout
12:19:06,ERROR,Disk full
12:19:07,INFO,Request processed
12:19:08,WARNING,CPU usage high
12:19:09,ERROR,Disk full
12:19:10,WARNING,CPU usage high
12:19:11,WARNING,CPU usage high
12:19:12,INFO,User logged in
12:19:13,WARNING,CPU usage high
12:19:14,WARNING,CPU usage high
12:19:15,ERROR,Connection timeout
12:19:16,WARNING,CPU usage high
12:19:17,ERROR,Disk full
12:19:18,ERROR,Disk full
12:19:19,WARNING,CPU usage high
12:19:20,WARNING,CPU usage high
12:19:21,ERROR,Connection timeout
12:19:22,ERROR,Disk full
12:19:23,ERROR,Connection timeout
12:19:24,ERROR,Disk full
12:19:25,WARNING,CPU usage high
12:19:26,ERROR,Disk full
12:19:27,INFO,User logged in
12:19:28,INFO,User logged in
12:19:29,ERROR,Connection timeout
12:19:30,INFO,Request processed
12:19:31,ERROR,Connection timeout
12:19:32,INFO,Request processed
12:19:33,INFO,Request processed
12:19:34,ERROR,Disk full
12:19:35,WARNING,CPU usage high
12:19:36,WARNING,CPU usage high
12:19:37,INFO,User logged in
12:19:38,INFO,Request processed
12:19:39,ERROR,Disk full
12:19:40,INFO,Request processed
12:19:41,ERROR,Disk full
12:19:42,INFO,User logged in
12:19:43,INFO,Request processed
12:19:44,ERROR,Connection timeout
12:19:45,INFO,User logged in
12:19:46,INFO,Request processed
12:19:47,ERROR,Disk full
12:19:48,ERROR,Connection timeout
12:19:49,INFO,Request processed
12:19:50,INFO,Request processed
12:19:51,ERROR,Disk full
12:19:52,ERROR,Connection timeout
12:19:53,INFO,Request processed
12:19:54,ERROR,Connection timeout
12:19:55,ERROR,Disk full
12:19:56,INFO,User logged in
12:19:57,INFO,Request processed
12:19:58,INFO,Request processed
12:19:59,INFO,User logged in
12:20:00,INFO,User logged in
12:20:01,WARNING,CPU usage high
12:20:02,WARNING,CPU usage high
12:20:03,INFO,Request processed
12:20:04,INFO,User logged in
12:20:05,ERROR,Disk full
12:20:06,INFO,User logged in
12:20:07,INFO,Request processed
12:20:08,ERROR,Disk full
12:20:09,INFO,Request processed
12:20:10,ERROR,Disk full
12:20:11,INFO,Request processed
12:20:12,INFO,Request processed
12:20:13,WARNING,CPU usage high
12:20:14,WARNING,CPU usage high
12:20:15,INFO,User logged in
12:20:16,INFO,Request processed
12:20:17,INFO,Request processed
12:20:18,ERROR,Connection timeout
12:20:19,INFO,User logged in
12:20:20,ERROR,Connection timeout
12:20:21,INFO,Request processed
12:20:22,ERROR,Connection timeout
12:20:23,ERROR,Disk full
12:20:24,WARNING,CPU usage high
12:20:25,ERROR,Connection timeout
12:20:26,ERROR,Disk full
12:20:27,ERROR,Connection timeout
12:20:28,INFO,User logged in
12:20:29,ERROR,Connection timeout
12:20:30,INFO,Request processed
12:20:31,ERROR,Disk full
12:20:32,ERROR,Disk full
12:20:33,INFO,Request processed
12:20:34,WARNING,CPU usage high
12:20:35,WARNING,CPU usage high
12:20:36,ERROR,Connection timeout
12:20:37,INFO,Request processed
12:20:38,ERROR,Connection timeout
12:20:39,ERROR,Disk full
12:20:40,INFO,Request processed
12:20:41,ERROR,Connection timeout
12:20:42,ERROR,Disk full
12:20:43,INFO,Request processed
12:20:44,ERROR,Disk full
12:20:45,WARNING,CPU usage high
12:20:46,WARNING,CPU usage high
12:20:47,WARNING,CPU usage high
12:20:48,ERROR,Connection timeout
12:20:49,ERROR,Connection timeout
12:20:50,ERROR,Connection timeout
12:20:51,INFO,Request processed
12:20:52,ERROR,Disk full
12:20:53,INFO,User logged in
12:20:54,WARNING,CPU usage high
12:20:55,WARNING,CPU usage high
12:20:56,WARNING,CPU usage high
12:20:57,INFO,Request processed
12:20:58,INFO,User logged in
12:20:59,WARNING,CPU usage high
12:21:00,WARNING,CPU usage high
12:21:01,INFO,Request processed
12:21:02,INFO,Request processed
12:21:03,INFO,User logged in
12:21:04,INFO,User logged in
12:21:05,INFO,Request processed
12:21:06,INFO,User logged in
12:21:07,INFO,Request processed
12:21:08,INFO,Request processed
12:21:09,WARNING,CPU usage high
12:21:10,INFO,Request processed
12:21:11,INFO,Request processed
12:21:12,INFO,Request processed
12:21:13,ERROR,Connection timeout
12:21:14,WARNING,CPU usage high
12:21:15,ERROR,Connection timeout
12:21:16,ERROR,Disk full
12:21:17,INFO,User logged in
12:21:18,INFO,User logged in
12:21:19,INFO,User logged in
12:21:20,INFO,User logged in
12:21:21,WARNING,CPU usage high
12:21:22,ERROR,Disk full
12:21:23,WARNING,CPU usage high
12:21:24,INFO,User logged in
12:21:25,INFO,Request processed
12:21:26,INFO,Request processed
12:21:27,ERROR,Connection timeout
12:21:28,WARNING,CPU usage high
12:21:29,ERROR,Connection timeout
12:21:30,ERROR,Disk full
12:21:31,WARNING,CPU usage high
12:21:32,INFO,Request processed
12:21:33,INFO,User logged in
12:21:34,INFO,Request processed
12:21:35,ERROR,Connection timeout
12:21:36,WARNING,CPU usage high
12:21:37,WARNING,CPU usage high
12:21:38,INFO,User logged in
12:21:39,WARNING,CPU usage high
12:21:40,ERROR,Disk full
12:21:41,INFO,Request processed
12:21:42,ERROR,Disk full
12:21:43,INFO,User logged in
12:21:44,ERROR,Connection timeout
12:21:45,INFO,User logged in
12:21:46,ERROR,Disk full
12:21:47,ERROR,Disk full
12:21:48,INFO,Request processed
12:21:49,ERROR,Disk full
12:21:50,INFO,User logged in
12:21:51,INFO,User logged in
12:21:52,ERROR,Connection timeout
12:21:53,WARNING,CPU usage high
12:21:54,ERROR,Disk full
12:21:55,ERROR,Connection timeout
12:21:56,INFO,User logged in
12:21:57,INFO,User logged in
12:21:58,WARNING,CPU usage high
12:21:59,INFO,Request processed
12:22:00,WARNING,CPU usage high
12:22:01,ERROR,Disk full
12:22:02,ERROR,Connection timeout
12:22:03,INFO,Request processed
12:22:04,ERROR,Disk full
12:22:05,INFO,User logged in
12:22:06,ERROR,Connection timeout
12:22:07,ERROR,Disk full
12:22:08,INFO,Request processed
12:22:09,WARNING,CPU usage high
12:22:10,ERROR,Connection timeout
12:22:11,ERROR,Connection timeout
12:22:12,INFO,Request processed
12:22:13,INFO,User logged in
12:22:14,WARNING,CPU usage high
12:22:15,WARNING,CPU usage high
12:22:16,INFO,Request processed
12:22:17,ERROR,Connection timeout
12:22:18,INFO,Request processed
12:22:19,INFO,User logged in
12:22:20,WARNING,CPU usage high
12:22:21,ERROR,Connection timeout
12:22:22,ERROR,Connection timeout
12:22:23,INFO,Request processed
12:22:24,INFO,Request processed
12:22:25,WARNING,CPU usage high
12:22:26,INFO,Request processed
12:22:27,ERROR,Disk full
12:22:28,ERROR,Disk full
12:22:29,WARNING,CPU usage high
12:22:30,ERROR,Connection timeout
12:22:31,WARNING,CPU usage high
12:22:32,ERROR,Disk full
12:22:33,ERROR,Disk full
12:22:34,INFO,User logged in
12:22:35,ERROR,Connection timeout
12:22:36,ERROR,Connection timeout
12:22:37,ERROR,Connection timeout
12:22:38,INFO,User logged in
12:22:39,WARNING,CPU usage high
12:22:40,WARNING,CPU usage high
12:22:41,INFO,User logged in
12:22:42,ERROR,Disk full
12:22:43,ERROR,Connection timeout
12:22:44,INFO,Request processed
12:22:45,INFO,Request processed
12:22:46,INFO,Request processed
12:22:47,WARNING,CPU usage high
12:22:48,ERROR,Disk full
12:22:49,WARNING,CPU usage high
12:22:50,ERROR,Connection timeout
12:22:51,INFO,User logged in
12:22:52,ERROR,Disk full
12:22:53,INFO,User logged in
12:22:54,WARNING,CPU usage high
12:22:55,INFO,Request processed
12:22:56,INFO,Request processed
12:22:57,INFO,User logged in
12:22:58,WARNING,CPU usage high
12:22:59,INFO,Request processed
12:23:00,ERROR,Disk full
12:23:01,ERROR,Connection timeout
12:23:02,ERROR,Disk full
12:23:03,INFO,User logged in
12:23:04,ERROR,Connection timeout
12:23:05,ERROR,Connection timeout
12:23:06,ERROR,Disk full
12:23:07,INFO,Request processed
12:23:08,INFO,User logged in
12:23:09,INFO,User logged in
12:23:10,WARNING,CPU usage high
12:23:11,INFO,Request processed
12:23:12,WARNING,CPU usage high
12:23:13,ERROR,Disk full
12:23:14,INFO,User logged in
12:23:15,WARNING,CPU usage high
12:23:16,INFO,User logged in
12:23:17,WARNING,CPU usage high
12:23:18,ERROR,Disk full
12:23:19,WARNING,CPU usage high
12:23:20,WARNING,CPU usage high
12:23:21,ERROR,Disk full
12:23:22,ERROR,Connection timeout
12:23:23,WARNING,CPU usage high
12:23:24,INFO,User logged in
12:23:25,INFO,User logged in
12:23:26,INFO,Request processed
12:23:27,INFO,Request processed
12:23:28,INFO,User logged in
12:23:29,WARNING,CPU usage high
12:23:30,INFO,Request processed
12:23:31,WARNING,CPU usage high
12:23:32,ERROR,Connection timeout
12:23:33,INFO,User logged in
12:23:34,ERROR,Connection timeout
12:23:35,ERROR,Connection timeout
12:23:36,ERROR,Connection timeout
12:23:37,ERROR,Connection timeout
12:23:38,ERROR,Disk full
12:23:39,ERROR,Disk full
12:23:40,ERROR,Disk full
12:23:41,ERROR,Connection timeout
12:23:42,INFO,User logged in
12:23:43,WARNING,CPU usage high
12:23:44,ERROR,Connection timeout
12:23:45,INFO,Request processed
12:23:46,ERROR,Connection timeout
12:23:47,WARNING,CPU usage high
12:23:48,ERROR,Disk full
12:23:49,ERROR,Disk full
12:23:50,WARNING,CPU usage high
12:23:51,INFO,User logged in
12:23:52,INFO,Request processed
12:23:53,ERROR,Disk full
12:23:54,WARNING,CPU usage high
12:23:55,ERROR,Connection timeout
12:23:56,WARNING,CPU usage high
12:23:57,WARNING,CPU usage high
12:23:58,ERROR,Connection timeout
12:23:59,ERROR,Connection timeout
12:24:00,INFO,User logged in
12:24:01,INFO,Request processed
12:24:02,INFO,User logged in
12:24:03,INFO,User logged in
12:24:04,ERROR,Disk full
12:24:05,INFO,User logged in
12:24:06,ERROR,Connection timeout
12:24:07,WARNING,CPU usage high
12:24:08,ERROR,Disk full
12:24:09,ERROR,Connection timeout
12:24:10,WARNING,CPU usage high
12:24:11,INFO,Request processed
12:24:12,ERROR,Disk full
12:24:13,ERROR,Disk full
12:24:14,WARNING,CPU usage high
12:24:15,WARNING,CPU usage high
12:24:16,WARNING,CPU usage high
12:24:17,ERROR,Connection timeout
12:24:18,INFO,Request processed
12:24:19,ERROR,Disk full
12:24:20,ERROR,Disk full
12:24:21,INFO,User logged in
12:24:22,INFO,Request processed
12:24:23,WARNING,CPU usage high
12:24:24,WARNING,CPU usage high
12:24:25,INFO,User logged in
12:24:26,ERROR,Connection timeout
12:24:27,INFO,Request processed
12:24:28,WARNING,CPU usage high
12:24:29,ERROR,Connection timeout
12:24:30,INFO,User logged in
12:24:31,INFO,Request processed
12:24:32,ERROR,Disk full
12:24:33,ERROR,Connection timeout
12:24:34,INFO,Request processed
12:24:35,ERROR,Disk full
12:24:36,ERROR,Disk full
12:24:37,WARNING,CPU usage high
12:24:38,INFO,User logged in
12:24:39,INFO,User logged in
12:24:40,INFO,User logged in
12:24:41,ERROR,Connection timeout
12:24:42,WARNING,CPU usage high
12:24:43,INFO,Request processed
12:24:44,INFO,Request processed
12:24:45,INFO,User logged in
12:24:46,INFO,User logged in
12:24:47,INFO,Request processed
12:24:48,WARNING,CPU usage high
12:24:49,WARNING,CPU usage high
12:24:50,ERROR,Connection timeout
12:24:51,ERROR,Connection timeout
12:24:52,INFO,User logged in
12:24:53,ERROR,Disk full
12:24:54,INFO,Request processed
12:24:55,WARNING,CPU usage high
12:24:56,ERROR,Connection timeout
12:24:57,INFO,User logged in
12:24:58,ERROR,Connection timeout
12:24:59,INFO,Request processed
12:25:00,WARNING,CPU usage high
12:25:01,INFO,User logged in
12:25:02,INFO,Request processed
12:25:03,ERROR,Connection timeout
12:25:04,WARNING,CPU usage high
12:25:05,INFO,Request processed
12:25:06,INFO,User logged in
12:25:07,WARNING,CPU usage high
12:25:08,INFO,User logged in
12:25:09,WARNING,CPU usage high
12:25:10,INFO,Request processed
12:25:11,ERROR,Connection timeout
12:25:12,ERROR,Disk full
12:25:13,WARNING,CPU usage high
12:25:14,ERROR,Connection timeout
12:25:15,INFO,Request processed
12:25:16,ERROR,Disk full
12:25:17,ERROR,Connection timeout
12:25:18,INFO,User logged in
12:25:19,ERROR,Disk full
12:25:20,ERROR,Connection timeout
12:25:21,WARNING,CPU usage high
12:25:22,ERROR,Connection timeout
12:25:23,ERROR,Disk full
12:25:24,ERROR,Connection timeout
12:25:25,ERROR,Disk full
12:25:26,INFO,Request processed
12:25:27,INFO,Request processed
12:25:28,ERROR,Connection timeout
12:25:29,ERROR,Connection timeout
12:25:30,INFO,Request processed
12:25:31,ERROR,Connection timeout
12:25:32,INFO,User logged in
12:25:33,WARNING,CPU usage high
12:25:34,WARNING,CPU usage high
12:25:35,WARNING,CPU usage high
12:25:36,INFO,Request processed
12:25:37,INFO,Request processed
12:25:38,ERROR,Connection timeout
12:25:39,INFO,User logged in
12:25:40,INFO,User logged in
12:25:41,WARNING,CPU usage high
12:25:42,ERROR,Disk full
12:25:43,INFO,User logged in
12:25:44,ERROR,Connection timeout
12:25:45,INFO,User logged in
12:25:46,ERROR,Connection timeout
12:25:47,ERROR,Disk full
12:25:48,WARNING,CPU usage high
12:25:49,ERROR,Connection timeout
12:25:50,WARNING,CPU usage high
12:25:51,INFO,Request processed
12:25:52,ERROR,Connection timeout
12:25:53,ERROR,Disk full
12:25:54,WARNING,CPU usage high
12:25:55,ERROR,Disk full
12:25:56,WARNING,CPU usage high
12:25:57,INFO,Request processed
12:25:58,ERROR,Disk full
12:25:59,ERROR,Disk full
12:26:00,INFO,User logged in
12:26:01,WARNING,CPU usage high
12:26:02,INFO,User logged in
12:26:03,ERROR,Connection timeout
12:26:04,INFO,User logged in
12:26:05,ERROR,Connection timeout
12:26:06,INFO,User logged in
12:26:07,INFO,Request processed
12:26:08,ERROR,Connection timeout
12:26:09,INFO,User logged in
12:26:10,INFO,Request processed
12:26:11,INFO,User logged in
12:26:12,WARNING,CPU usage high
12:26:13,ERROR,Connection timeout
12:26:14,ERROR,Connection timeout
12:26:15,ERROR,Disk full
12:26:16,INFO,Request processed
12:26:17,ERROR,Connection timeout
12:26:18,ERROR,Connection timeout
12:26:19,INFO,User logged in
12:26:20,WARNING,CPU usage high
12:26:21,INFO,Request processed
12:26:22,ERROR,Disk full
12:26:23,ERROR,Connection timeout
12:26:24,INFO,User logged in
12:26:25,INFO,Request processed
12:26:26,ERROR,Connection timeout
12:26:27,WARNING,CPU usage high
12:26:28,ERROR,Disk full
12:26:29,INFO,User logged in
12:26:30,WARNING,CPU usage high
12:26:31,ERROR,Disk full
12:26:32,WARNING,CPU usage high
12:26:33,ERROR,Connection timeout
12:26:34,INFO,Request processed
12:26:35,INFO,User logged in
12:26:36,WARNING,CPU usage high
12:26:37,INFO,Request processed
12:26:38,ERROR,Disk full
12:26:39,ERROR,Connection timeout
12:26:40,ERROR,Connection timeout
12:26:41,INFO,Request processed
12:26:43,INFO,User logged in
12:26:44,ERROR,Disk full
12:26:45,ERROR,Connection timeout
12:26:46,ERROR,Connection timeout
12:26:47,WARNING,CPU usage high
12:26:48,ERROR,Connection timeout
12:26:49,INFO,User logged in
12:26:50,WARNING,CPU usage high
12:26:51,ERROR,Connection timeout
12:26:52,WARNING,CPU usage high
12:26:53,ERROR,Connection timeout
12:26:54,ERROR,Connection timeout
12:26:55,ERROR,Disk full
12:26:56,INFO,Request processed
12:26:57,WARNING,CPU usage high
12:26:58,INFO,User logged in
12:26:59,ERROR,Disk full
12:27:00,INFO,User logged in
12:27:01,ERROR,Connection timeout
12:27:02,WARNING,CPU usage high
12:27:03,INFO,User logged in
12:27:04,ERROR,Connection timeout
12:27:05,INFO,Request processed
12:27:06,ERROR,Connection timeout
12:27:07,WARNING,CPU usage high
12:27:08,ERROR,Connection timeout
12:27:09,INFO,Request processed
12:27:10,WARNING,CPU usage high
12:27:11,INFO,User logged in
12:27:12,ERROR,Disk full
12:27:13,WARNING,CPU usage high
12:27:14,INFO,User logged in
12:27:15,INFO,User logged in
12:27:16,ERROR,Disk full
12:27:17,INFO,User logged in
12:27:18,WARNING,CPU usage high
12:27:19,ERROR,Disk full
12:27:20,INFO,User logged in
12:27:21,INFO,User logged in
12:27:22,INFO,User logged in
12:27:23,ERROR,Disk full
12:27:24,ERROR,Connection timeout
12:27:25,ERROR,Connection timeout
12:27:26,ERROR,Connection timeout
12:27:27,ERROR,Connection timeout
12:27:28,INFO,Request processed
12:27:29,ERROR,Disk full
12:27:30,INFO,User logged in
12:27:31,INFO,User logged in
12:27:32,ERROR,Connection timeout
12:27:33,ERROR,Connection timeout
12:27:34,INFO,Request processed
12:27:35,ERROR,Disk full
12:27:36,WARNING,CPU usage high
12:27:37,ERROR,Disk full
12:27:38,ERROR,Connection timeout
12:27:39,ERROR,Connection timeout
12:27:40,WARNING,CPU usage high
12:27:41,INFO,User logged in
12:27:42,WARNING,CPU usage high
12:27:43,INFO,Request processed
12:27:44,ERROR,Disk full
12:27:45,INFO,User logged in
12:27:46,INFO,User logged in
12:27:47,INFO,User logged in
12:27:48,ERROR,Disk full
12:27:49,ERROR,Connection timeout
12:27:50,ERROR,Disk full
12:27:51,INFO,User logged in
12:27:52,WARNING,CPU usage high
12:27:53,ERROR,Connection timeout
12:27:54,INFO,User logged in
12:27:55,INFO,User logged in
12:27:56,INFO,User logged in
12:27:57,WARNING,CPU usage high
12:27:58,INFO,User logged in
12:27:59,INFO,User logged in
12:28:00,ERROR,Connection timeout
12:28:01,INFO,Request processed
12:28:02,WARNING,CPU usage high
12:28:03,ERROR,Disk full
12:28:04,ERROR,Disk full
12:28:05,ERROR,Disk full
12:28:06,INFO,Request processed
12:28:07,WARNING,CPU usage high
12:28:08,ERROR,Disk full
12:28:09,ERROR,Disk full
12:28:10,INFO,User logged in
12:28:11,ERROR,Disk full
12:28:12,INFO,Request processed
12:28:13,INFO,User logged in
12:28:14,INFO,User logged in
12:28:15,ERROR,Disk full
12:28:16,WARNING,CPU usage high
12:28:17,INFO,User logged in
12:28:18,ERROR,Disk full
12:28:19,ERROR,Disk full
12:28:20,WARNING,CPU usage high
12:28:21,WARNING,CPU usage high
12:28:22,WARNING,CPU usage high
12:28:23,INFO,User logged in
12:28:24,INFO,Request processed
12:28:25,WARNING,CPU usage high
12:28:26,ERROR,Connection timeout
12:28:27,INFO,User logged in
12:28:28,INFO,Request processed
12:28:29,INFO,Request processed
12:28:30,INFO,Request processed
12:28:31,WARNING,CPU usage high
12:28:32,ERROR,Connection timeout
12:28:33,WARNING,CPU usage high
12:28:34,INFO,Request processed
12:28:35,INFO,User logged in
12:28:36,WARNING,CPU usage high
12:28:37,ERROR,Connection timeout
12:28:38,ERROR,Disk full
12:28:39,ERROR,Connection timeout
12:28:40,WARNING,CPU usage high
12:28:41,ERROR,Connection timeout
12:28:42,ERROR,Disk full
12:28:43,ERROR,Disk full
12:28:44,ERROR,Connection timeout
12:28:45,ERROR,Disk full
12:28:46,ERROR,Disk full
12:28:47,WARNING,CPU usage high
12:28:48,INFO,User logged in
12:28:49,ERROR,Disk full
12:28:50,ERROR,Disk full
12:28:51,ERROR,Connection timeout
12:28:52,WARNING,CPU usage high
12:28:53,WARNING,CPU usage high
12:28:54,ERROR,Disk full
12:28:55,ERROR,Connection timeout
12:28:56,ERROR,Disk full
12:28:57,INFO,User logged in
12:28:58,ERROR,Connection timeout
12:28:59,INFO,User logged in
12:29:00,INFO,User logged in
12:29:01,ERROR,Connection timeout
12:29:02,WARNING,CPU usage high
12:29:03,INFO,User logged in
12:29:04,INFO,User logged in
12:29:05,INFO,Request processed
12:29:06,WARNING,CPU usage high
12:29:07,WARNING,CPU usage high
12:29:08,INFO,Request processed
12:29:09,WARNING,CPU usage high
12:29:10,ERROR,Disk full
12:29:11,ERROR,Disk full
12:29:12,INFO,User logged in
12:29:13,INFO,Request processed
12:29:14,INFO,Request processed
12:29:15,INFO,User logged in
12:29:16,ERROR,Connection timeout
12:29:17,INFO,User logged in
12:29:18,WARNING,CPU usage high
12:29:19,WARNING,CPU usage high
12:29:20,ERROR,Disk full
12:29:21,ERROR,Disk full
12:29:22,WARNING,CPU usage high
12:29:23,INFO,Request processed
12:29:24,INFO,User logged in
12:29:25,INFO,Request processed
12:29:26,INFO,Request processed
12:29:27,INFO,Request processed
12:29:28,INFO,Request processed
12:29:29,ERROR,Connection timeout
12:29:30,WARNING,CPU usage high
12:29:31,INFO,Request processed
12:29:32,ERROR,Connection timeout
12:29:33,INFO,User logged in
12:29:34,WARNING,CPU usage high
12:29:35,WARNING,CPU usage high
12:29:36,WARNING,CPU usage high
12:29:37,ERROR,Disk full
12:29:38,INFO,Request processed
12:29:39,WARNING,CPU usage high
12:29:40,ERROR,Disk full
12:29:41,ERROR,Connection timeout
12:29:42,WARNING,CPU usage high
12:29:43,ERROR,Connection timeout
12:29:44,ERROR,Disk full
12:29:45,INFO,User logged in
12:29:46,INFO,User logged in
12:29:47,ERROR,Connection timeout
12:29:48,INFO,User logged in
12:29:49,INFO,User logged in
12:29:50,WARNING,CPU usage high
12:29:51,WARNING,CPU usage high
12:29:52,ERROR,Disk full
12:29:53,ERROR,Connection timeout
12:29:54,ERROR,Disk full
12:29:55,INFO,User logged in
12:29:56,WARNING,CPU usage high
12:29:57,ERROR,Connection timeout
12:29:58,INFO,User logged in
12:29:59,ERROR,Connection timeout
12:30:00,WARNING,CPU usage high
12:30:01,ERROR,Disk full
12:30:02,ERROR,Connection timeout
12:30:03,ERROR,Disk full
12:30:04,INFO,Request processed
12:30:05,INFO,User logged in
12:30:06,INFO,User logged in
12:30:07,INFO,User logged in
12:30:08,WARNING,CPU usage high
12:30:09,ERROR,Connection timeout
12:30:10,INFO,User logged in
12:30:11,ERROR,Disk full
12:30:12,WARNING,CPU usage high
12:30:13,ERROR,Connection timeout
12:30:14,INFO,Request processed
12:30:15,INFO,User logged in
12:30:16,INFO,User logged in
12:30:17,INFO,Request processed
12:30:18,INFO,Request processed
12:30:19,ERROR,Connection timeout
12:30:20,INFO,User logged in
12:30:21,INFO,Request processed
12:30:22,INFO,Request processed
12:30:23,ERROR,Connection timeout
12:30:24,INFO,Request processed
12:30:25,ERROR,Connection timeout
12:30:26,ERROR,Connection timeout
12:30:27,WARNING,CPU usage high
12:30:28,INFO,User logged in
12:30:29,ERROR,Disk full
12:30:30,ERROR,Disk full
12:30:31,ERROR,Disk full
12:30:32,ERROR,Connection timeout
12:30:33,WARNING,CPU usage high
12:30:34,INFO,Request processed
12:30:35,ERROR,Connection timeout
12:30:36,INFO,Request processed
12:30:37,ERROR,Connection timeout
12:30:38,INFO,User logged in
12:30:39,INFO,Request processed
12:30:40,INFO,User logged in
12:30:41,INFO,Request processed
12:30:42,INFO,User logged in
12:30:43,INFO,User logged in
12:30:44,WARNING,CPU usage high
12:30:45,ERROR,Disk full
12:30:46,INFO,Request processed
12:30:47,ERROR,Connection timeout
12:30:48,ERROR,Disk full
12:30:49,ERROR,Disk full
12:30:50,ERROR,Disk full
12:30:51,INFO,User logged in
12:30:52,INFO,Request processed
12:30:53,INFO,Request processed
12:30:54,INFO,Request processed
12:30:55,INFO,User logged in
12:30:56,WARNING,CPU usage high
12:30:57,INFO,Request processed
12:30:58,INFO,User logged in
12:30:59,ERROR,Disk full
12:31:00,WARNING,CPU usage high
12:31:01,INFO,User logged in
12:31:02,WARNING,CPU usage high
12:31:03,ERROR,Connection timeout
12:31:04,ERROR,Disk full
12:31:05,INFO,Request processed
12:31:06,INFO,Request processed
12:31:07,ERROR,Disk full
12:31:08,INFO,User logged in
12:31:09,ERROR,Connection timeout
12:31:10,INFO,Request processed
12:31:11,ERROR,Disk full
12:31:12,INFO,Request processed
12:31:13,INFO,User logged in
12:31:14,WARNING,CPU usage high
12:31:15,INFO,Request processed
12:31:16,INFO,User logged in
12:31:17,ERROR,Disk full
12:31:18,INFO,Request processed
12:31:19,ERROR,Connection timeout
12:31:20,INFO,Request processed
12:31:21,INFO,User logged in
12:31:22,WARNING,CPU usage high
12:31:23,INFO,User logged in
12:31:24,ERROR,Disk full
12:31:25,ERROR,Connection timeout
12:31:26,WARNING,CPU usage high
12:31:27,INFO,Request processed
12:31:28,ERROR,Connection timeout
12:31:29,INFO,Request processed
12:31:30,ERROR,Connection timeout
12:31:31,WARNING,CPU usage high
12:31:32,ERROR,Disk full
12:31:33,INFO,User logged in
12:31:34,ERROR,Connection timeout
12:31:35,ERROR,Connection timeout
12:31:36,INFO,User logged in
12:31:37,INFO,User logged in
12:31:38,INFO,Request processed
12:31:39,ERROR,Connection timeout
12:31:40,ERROR,Disk full
12:31:41,ERROR,Connection timeout
12:31:42,WARNING,CPU usage high
12:31:43,ERROR,Disk full
12:31:44,INFO,User logged in
12:31:45,WARNING,CPU usage high
12:31:46,ERROR,Disk full
12:31:47,ERROR,Connection timeout
12:31:48,WARNING,CPU usage high
12:31:49,INFO,User logged in
12:31:50,ERROR,Connection timeout
12:31:51,ERROR,Disk full
12:31:52,INFO,User logged in
12:31:53,ERROR,Disk full
12:31:54,ERROR,Connection timeout
12:31:55,INFO,Request processed
12:31:56,INFO,Request processed
12:31:57,WARNING,CPU usage high
12:31:58,ERROR,Disk full
12:31:59,ERROR,Disk full
12:32:00,INFO,Request processed
12:32:01,INFO,Request processed
12:32:02,INFO,User logged in
12:32:03,ERROR,Connection timeout
12:32:04,ERROR,Disk full
12:32:05,INFO,Request processed
12:32:06,INFO,User logged in
12:32:07,WARNING,CPU usage high
12:32:08,ERROR,Disk full
12:32:09,INFO,Request processed
12:32:10,WARNING,CPU usage high
12:32:11,INFO,Request processed
12:32:12,ERROR,Disk full
12:32:13,INFO,Request processed
12:32:14,WARNING,CPU usage high
12:32:15,INFO,Request processed
12:32:16,ERROR,Connection timeout
12:32:17,ERROR,Connection timeout
12:32:18,WARNING,CPU usage high
12:32:19,INFO,Request processed
12:32:20,INFO,Request processed
12:32:21,INFO,Request processed
12:32:22,ERROR,Connection timeout
12:32:23,INFO,User logged in
12:32:24,WARNING,CPU usage high
12:32:25,INFO,User logged in
12:32:26,INFO,User logged in
12:32:27,INFO,Request processed
12:32:28,WARNING,CPU usage high
12:32:29,INFO,Request processed
12:32:30,INFO,User logged in
12:32:31,WARNING,CPU usage high
12:32:32,ERROR,Connection timeout
12:32:33,INFO,User logged in
12:32:34,INFO,Request processed
12:32:35,ERROR,Connection timeout
12:32:36,ERROR,Disk full
12:32:37,INFO,User logged in
12:32:38,INFO,Request processed
12:32:39,WARNING,CPU usage high
12:32:40,INFO,User logged in
12:32:41,ERROR,Connection timeout
12:32:42,ERROR,Connection timeout
12:32:43,INFO,User logged in
12:32:44,ERROR,Disk full
12:32:45,INFO,User logged in
12:32:46,INFO,Request processed
12:32:47,INFO,User logged in
12:32:48,WARNING,CPU usage high
12:32:49,ERROR,Connection timeout
12:32:50,ERROR,Disk full
12:32:51,ERROR,Connection timeout
12:32:52,ERROR,Disk full
12:32:53,ERROR,Connection timeout
12:32:54,WARNING,CPU usage high
12:32:55,WARNING,CPU usage high
12:32:56,ERROR,Disk full
12:32:57,WARNING,CPU usage high
12:32:58,INFO,User logged in
12:32:59,ERROR,Disk full
12:33:00,ERROR,Disk full
12:33:01,INFO,Request processed
12:33:02,INFO,Request processed
12:33:03,WARNING,CPU usage high
12:33:04,INFO,User logged in
12:33:05,WARNING,CPU usage high
12:33:06,ERROR,Connection timeout
12:33:07,ERROR,Connection timeout
12:33:08,INFO,Request processed
12:33:09,WARNING,CPU usage high
12:33:10,ERROR,Connection timeout
12:33:11,ERROR,Connection timeout
12:33:12,ERROR,Disk full
12:33:13,INFO,Request processed
12:33:14,ERROR,Connection timeout
12:33:15,ERROR,Disk full
12:33:16,INFO,Request processed
12:33:17,INFO,User logged in
12:33:18,WARNING,CPU usage high
12:33:19,WARNING,CPU usage high
12:33:20,ERROR,Disk full
12:33:21,WARNING,CPU usage high
12:33:22,WARNING,CPU usage high
12:33:23,INFO,Request processed
12:33:24,ERROR,Disk full
12:33:25,INFO,Request processed
12:33:26,WARNING,CPU usage high
12:33:27,ERROR,Connection timeout
12:33:28,WARNING,CPU usage high
12:33:29,ERROR,Connection timeout
12:33:30,INFO,Request processed
12:33:31,ERROR,Disk full
12:33:32,WARNING,CPU usage high
12:33:33,WARNING,CPU usage high
12:33:34,INFO,Request processed
12:33:35,ERROR,Connection timeout
12:33:36,WARNING,CPU usage high
12:33:37,ERROR,Connection timeout
12:33:38,INFO,Request processed
12:33:39,ERROR,Disk full
12:33:40,ERROR,Connection timeout
12:33:41,INFO,Request processed
12:33:42,ERROR,Connection timeout
12:33:43,ERROR,Disk full
12:33:44,INFO,User logged in
12:33:45,WARNING,CPU usage high
12:33:46,ERROR,Disk full
12:33:47,INFO,User logged in
12:33:48,WARNING,CPU usage high
12:33:49,ERROR,Disk full
12:33:50,INFO,Request processed
12:33:51,WARNING,CPU usage high
12:33:52,WARNING,CPU usage high
12:33:53,INFO,Request processed
12:33:54,WARNING,CPU usage high
12:33:55,ERROR,Disk full
12:33:56,INFO,Request processed
12:33:57,ERROR,Connection timeout
12:33:58,INFO,User logged in
12:33:59,INFO,User logged in
12:34:00,ERROR,Connection timeout
12:34:01,ERROR,Disk full
12:34:02,WARNING,CPU usage high
12:34:03,WARNING,CPU usage high
12:34:04,ERROR,Connection timeout
12:34:05,ERROR,Connection timeout
12:34:06,WARNING,CPU usage high
12:34:07,INFO,User logged in
12:34:08,ERROR,Connection timeout
12:34:09,INFO,User logged in
12:34:10,ERROR,Disk full
12:34:11,ERROR,Connection timeout
12:34:12,ERROR,Connection timeout
12:34:13,INFO,Request processed
12:34:14,INFO,Request processed
12:34:15,ERROR,Connection timeout
12:34:16,ERROR,Connection timeout
12:34:17,ERROR,Disk full
12:34:18,INFO,User logged in
12:34:19,WARNING,CPU usage high
12:34:20,INFO,User logged in
12:34:21,INFO,Request processed
12:34:22,INFO,User logged in
12:34:23,ERROR,Disk full
12:34:24,ERROR,Connection timeout
12:34:25,ERROR,Connection timeout
12:34:26,WARNING,CPU usage high
12:34:27,WARNING,CPU usage high
12:34:28,ERROR,Disk full
12:34:29,ERROR,Connection timeout
12:34:30,ERROR,Connection timeout
12:34:31,ERROR,Disk full
12:34:32,ERROR,Disk full
12:34:33,INFO,Request processed
12:34:34,ERROR,Disk full
12:34:35,INFO,User logged in
12:34:36,WARNING,CPU usage high
12:34:37,WARNING,CPU usage high
12:34:38,ERROR,Disk full
12:34:39,WARNING,CPU usage high
12:34:40,ERROR,Disk full
12:34:41,INFO,Request processed
12:34:42,WARNING,CPU usage high
12:34:43,ERROR,Disk full
12:34:44,INFO,User logged in
12:34:45,ERROR,Disk full
12:34:46,ERROR,Connection timeout
12:34:47,INFO,Request processed
12:34:48,INFO,Request processed
12:34:49,WARNING,CPU usage high
12:34:50,INFO,User logged in
12:34:51,WARNING,CPU usage high
12:34:52,INFO,Request processed
12:34:53,INFO,Request processed
12:34:54,INFO,User logged in
12:34:55,ERROR,Disk full
12:34:56,ERROR,Disk full
12:34:57,ERROR,Disk full
12:34:58,ERROR,Connection timeout
12:34:59,ERROR,Connection timeout
12:35:00,INFO,User logged in
12:35:01,ERROR,Disk full
12:35:02,INFO,Request processed
12:35:03,INFO,Request processed
12:35:04,ERROR,Disk full
12:35:05,ERROR,Disk full
12:35:06,INFO,User logged in
12:35:07,INFO,Request processed
12:35:08,INFO,Request processed
12:35:09,ERROR,Disk full
12:35:10,INFO,Request processed
12:35:11,WARNING,CPU usage high
12:35:12,INFO,User logged in
12:35:13,WARNING,CPU usage high
12:35:14,INFO,Request processed
12:35:15,ERROR,Connection timeout
12:35:16,ERROR,Disk full
12:35:17,INFO,Request processed
12:35:18,INFO,Request processed
12:35:19,INFO,User logged in
12:35:20,WARNING,CPU usage high
12:35:21,INFO,Request processed
12:35:22,INFO,User logged in
12:35:23,WARNING,CPU usage high
12:35:24,ERROR,Connection timeout
12:35:25,ERROR,Connection timeout
12:35:26,ERROR,Disk full
12:35:27,WARNING,CPU usage high
12:35:28,WARNING,CPU usage high
12:35:29,INFO,User logged in
12:35:30,ERROR,Disk full
12:35:31,INFO,User logged in
12:35:32,ERROR,Disk full
12:35:33,WARNING,CPU usage high
12:35:34,INFO,User logged in
12:35:35,ERROR,Connection timeout
12:35:36,ERROR,Disk full
12:35:37,ERROR,Connection timeout
12:35:38,ERROR,Disk full
12:35:39,ERROR,Connection timeout
12:35:40,INFO,User logged in
12:35:41,ERROR,Disk full
12:35:42,ERROR,Disk full
12:35:43,ERROR,Connection timeout
12:35:44,INFO,User logged in
12:35:45,INFO,Request processed
12:35:46,INFO,User logged in
12:35:47,ERROR,Disk full
12:35:48,ERROR,Connection timeout
12:35:49,INFO,Request processed
12:35:50,INFO,User logged in
12:35:51,ERROR,Disk full
12:35:52,INFO,User logged in
12:35:53,ERROR,Connection timeout
12:35:54,ERROR,Connection timeout
12:35:55,ERROR,Disk full
12:35:56,ERROR,Disk full
12:35:57,WARNING,CPU usage high
12:35:58,WARNING,CPU usage high
12:35:59,INFO,User logged in
12:36:00,ERROR,Connection timeout
12:36:01,ERROR,Disk full
12:36:02,INFO,Request processed
12:36:03,INFO,User logged in
12:36:04,WARNING,CPU usage high
12:36:05,INFO,User logged in
12:36:06,INFO,User logged in
12:36:07,WARNING,CPU usage high
12:36:08,INFO,Request processed
12:36:09,INFO,Request processed
12:36:10,ERROR,Connection timeout
12:36:11,INFO,Request processed
12:36:12,ERROR,Disk full
12:36:13,ERROR,Disk full
12:36:14,WARNING,CPU usage high
12:36:15,INFO,Request processed
12:36:16,WARNING,CPU usage high
12:36:17,ERROR,Disk full
12:36:18,ERROR,Connection timeout
12:36:19,INFO,User logged in
12:36:20,ERROR,Connection timeout
12:36:21,INFO,User logged in
12:36:22,INFO,User logged in
12:36:23,WARNING,CPU usage high
12:36:24,ERROR,Disk full
12:36:25,INFO,Request processed
12:36:26,ERROR,Disk full
12:36:27,INFO,Request processed
12:36:28,ERROR,Connection timeout
12:36:29,INFO,User logged in
12:36:30,WARNING,CPU usage high
12:36:31,INFO,Request processed
12:36:32,ERROR,Disk full
12:36:33,ERROR,Connection timeout
12:36:34,ERROR,Disk full
12:36:35,WARNING,CPU usage high
12:36:36,WARNING,CPU usage high
12:36:37,ERROR,Connection timeout
12:36:38,ERROR,Connection timeout
12:36:39,WARNING,CPU usage high
12:36:40,WARNING,CPU usage high
12:36:41,ERROR,Disk full
12:36:42,ERROR,Connection timeout
12:36:43,ERROR,Disk full
12:36:44,ERROR,Connection timeout
12:36:45,INFO,User logged in
12:36:46,INFO,User logged in
12:36:47,ERROR,Disk full
12:36:48,ERROR,Disk full
12:36:49,INFO,User logged in
12:36:50,INFO,User logged in
12:36:51,INFO,Request processed
12:36:52,WARNING,CPU usage high
12:36:53,WARNING,CPU usage high
12:36:54,WARNING,CPU usage high
12:36:55,WARNING,CPU usage high
12:36:56,WARNING,CPU usage high
12:36:57,INFO,User logged in
12:36:58,INFO,User logged in
12:36:59,INFO,User logged in
12:37:00,ERROR,Disk full
12:37:01,INFO,Request processed
12:37:02,INFO,Request processed
12:37:03,INFO,Request processed
12:37:04,WARNING,CPU usage high
12:37:05,WARNING,CPU usage high
12:37:06,ERROR,Disk full
12:37:07,INFO,Request processed
12:37:08,ERROR,Disk full
12:37:09,INFO,User logged in
12:37:10,INFO,User logged in
12:37:11,INFO,Request processed
12:37:12,ERROR,Disk full
12:37:13,INFO,Request processed
12:37:14,ERROR,Connection timeout
12:37:15,WARNING,CPU usage high
12:37:16,ERROR,Connection timeout
12:37:17,ERROR,Connection timeout
12:37:18,ERROR,Connection timeout
12:37:19,INFO,Request processed
12:37:20,ERROR,Connection timeout
12:37:21,ERROR,Disk full
12:37:22,ERROR,Disk full
12:37:23,ERROR,Disk full
12:37:24,WARNING,CPU usage high
12:37:25,WARNING,CPU usage high
12:37:26,ERROR,Disk full
12:37:27,ERROR,Disk full
12:37:28,INFO,User logged in
12:37:29,ERROR,Disk full
12:37:30,ERROR,Disk full
12:37:31,INFO,User logged in
12:37:32,WARNING,CPU usage high
12:37:33,ERROR,Connection timeout
12:37:34,INFO,User logged in
12:37:35,WARNING,CPU usage high
12:37:36,INFO,Request processed
12:37:37,ERROR,Disk full
12:37:38,ERROR,Connection timeout
12:37:39,ERROR,Connection timeout
12:37:40,WARNING,CPU usage high
12:37:41,INFO,User logged in
12:37:42,ERROR,Disk full
12:37:43,INFO,Request processed
12:37:44,INFO,Request processed
12:37:45,WARNING,CPU usage high
12:37:46,ERROR,Disk full
12:37:47,ERROR,Disk full
12:37:48,INFO,User logged in
12:37:49,INFO,Request processed
12:37:50,INFO,Request processed
12:37:51,INFO,User logged in
12:37:52,INFO,User logged in
12:37:53,WARNING,CPU usage high
12:37:54,WARNING,CPU usage high
12:37:55,ERROR,Disk full
12:37:56,ERROR,Connection timeout
12:37:57,ERROR,Connection timeout
12:37:58,INFO,User logged in
12:37:59,INFO,User logged in
12:38:00,ERROR,Connection timeout
12:38:01,WARNING,CPU usage high
12:38:02,ERROR,Disk full
12:38:03,ERROR,Connection timeout
12:38:04,ERROR,Disk full
12:38:05,INFO,User logged in
12:38:06,INFO,Request processed
12:38:07,ERROR,Disk full
12:38:08,WARNING,CPU usage high
12:38:09,ERROR,Connection timeout
12:38:10,INFO,Request processed
12:38:11,WARNING,CPU usage high
12:38:12,INFO,User logged in
12:38:13,ERROR,Disk full
12:38:14,INFO,User logged in
12:38:15,INFO,Request processed
12:38:16,ERROR,Connection timeout
12:38:17,INFO,Request processed
12:38:18,INFO,Request processed
12:38:19,ERROR,Connection timeout
12:38:20,INFO,Request processed
12:38:21,WARNING,CPU usage high
12:38:22,ERROR,Connection timeout
12:38:23,INFO,User logged in
12:38:24,INFO,Request processed
12:38:25,ERROR,Disk full
12:38:26,WARNING,CPU usage high
12:38:27,ERROR,Disk full
12:38:28,INFO,User logged in
12:38:29,INFO,Request processed
12:38:30,ERROR,Connection timeout
12:38:31,WARNING,CPU usage high
12:38:32,ERROR,Connection timeout
12:38:33,INFO,User logged in
12:38:34,WARNING,CPU usage high
12:38:35,ERROR,Connection timeout
12:38:36,ERROR,Connection timeout
12:38:37,ERROR,Connection timeout
12:38:38,INFO,User logged in
12:38:39,ERROR,Disk full
12:38:40,INFO,User logged in
12:38:41,ERROR,Disk full
12:38:42,ERROR,Connection timeout
12:38:43,ERROR,Disk full
12:38:44,WARNING,CPU usage high
12:38:45,INFO,Request processed
12:38:46,ERROR,Disk full
12:38:47,WARNING,CPU usage high
12:38:48,WARNING,CPU usage high
12:38:49,ERROR,Connection timeout
12:38:50,WARNING,CPU usage high
12:38:51,INFO,User logged in
12:38:52,INFO,Request processed
12:38:53,INFO,Request processed
12:38:54,ERROR,Connection timeout
12:38:55,WARNING,CPU usage high
12:38:56,WARNING,CPU usage high
12:38:57,WARNING,CPU usage high
12:38:58,WARNING,CPU usage high
12:38:59,INFO,Request processed
12:39:00,INFO,Request processed
12:39:01,WARNING,CPU usage high
12:39:02,INFO,User logged in
12:39:03,INFO,Request processed
12:39:04,INFO,User logged in
12:39:05,ERROR,Connection timeout
12:39:06,INFO,Request processed
12:39:07,ERROR,Disk full
12:39:08,ERROR,Connection timeout
12:39:09,ERROR,Disk full
12:39:10,ERROR,Connection timeout
12:39:11,INFO,Request processed
12:39:12,INFO,Request processed
12:39:13,ERROR,Disk full
12:39:14,ERROR,Connection timeout
12:39:15,ERROR,Disk full
12:39:16,INFO,User logged in
12:39:17,WARNING,CPU usage high
12:39:18,INFO,User logged in
12:39:19,INFO,User logged in
12:39:20,INFO,Request processed
12:39:21,WARNING,CPU usage high
12:39:22,WARNING,CPU usage high
